ISO-10303-21;
HEADER;
FILE_DESCRIPTION (( 'STEP AP214' ),
    '1' );
FILE_NAME ('HB.STEP',
    '2026-06-06T01:15:22',
    ( '' ),
    ( '' ),
    'SwSTEP 2.0',
    'SolidWorks 2026',
    '' );
FILE_SCHEMA (( 'AUTOMOTIVE_DESIGN' ));
ENDSEC;

DATA;
#1 = EDGE_CURVE ( 'NONE', #232, #860, #693, .T. ) ;
#2 = AXIS2_PLACEMENT_3D ( 'NONE', #311, #1587, #412 ) ;
#3 = DIRECTION ( 'NONE',  ( -0.000000000000000000, -0.000000000000000000, -1.000000000000000000 ) ) ;
#4 = EDGE_LOOP ( 'NONE', ( #839, #1606, #71, #1229 ) ) ;
#5 = FACE_OUTER_BOUND ( 'NONE', #1508, .T. ) ;
#6 = DIRECTION ( 'NONE',  ( 0.7071067811865593411, 8.659560562355078304E-17, -0.7071067811865356934 ) ) ;
#7 = CARTESIAN_POINT ( 'NONE',  ( -1697.697268441088227, 638.6197309304922101, 0.000000000000000000 ) ) ;
#8 = AXIS2_PLACEMENT_3D ( 'NONE', #557, #944, #338 ) ;
#9 = DIRECTION ( 'NONE',  ( -1.000000000000000000, 0.000000000000000000, 0.000000000000000000 ) ) ;
#10 = AXIS2_PLACEMENT_3D ( 'NONE', #651, #925, #305 ) ;
#11 = ORIENTED_EDGE ( 'NONE', *, *, #1318, .T. ) ;
#12 = EDGE_LOOP ( 'NONE', ( #1359, #31, #1215, #1285 ) ) ;
#13 = ORIENTED_EDGE ( 'NONE', *, *, #344, .F. ) ;
#14 = DIRECTION ( 'NONE',  ( 1.000000000000000000, 0.000000000000000000, 0.000000000000000000 ) ) ;
#15 = VECTOR ( 'NONE', #99, 1000.000000000000000 ) ;
#16 = DIRECTION ( 'NONE',  ( -0.000000000000000000, -0.000000000000000000, -1.000000000000000000 ) ) ;
#17 = DIRECTION ( 'NONE',  ( 1.000000000000000000, 0.000000000000000000, 0.000000000000000000 ) ) ;
#18 = EDGE_CURVE ( 'NONE', #361, #1631, #438, .T. ) ;
#19 = VECTOR ( 'NONE', #505, 1000.000000000000000 ) ;
#20 = DIRECTION ( 'NONE',  ( -1.000000000000000000, 0.000000000000000000, 0.000000000000000000 ) ) ;
#21 = ORIENTED_EDGE ( 'NONE', *, *, #646, .F. ) ;
#22 = DIRECTION ( 'NONE',  ( -0.000000000000000000, -0.000000000000000000, -1.000000000000000000 ) ) ;
#23 = EDGE_LOOP ( 'NONE', ( #753, #1087, #706, #1251 ) ) ;
#24 = ORIENTED_EDGE ( 'NONE', *, *, #1225, .F. ) ;
#25 = EDGE_CURVE ( 'NONE', #740, #995, #172, .T. ) ;
#26 = CARTESIAN_POINT ( 'NONE',  ( -829.2346899668405058, 595.7783977565959503, 0.000000000000000000 ) ) ;
#27 = FACE_OUTER_BOUND ( 'NONE', #920, .T. ) ;
#28 = AXIS2_PLACEMENT_3D ( 'NONE', #151, #407, #768 ) ;
#29 = EDGE_CURVE ( 'NONE', #1476, #113, #1188, .T. ) ;
#30 = DIRECTION ( 'NONE',  ( -1.000000000000000000, 0.000000000000000000, 0.000000000000000000 ) ) ;
#31 = ORIENTED_EDGE ( 'NONE', *, *, #1522, .T. ) ;
#32 = CARTESIAN_POINT ( 'NONE',  ( 2074.499177688177042, 864.0588553611066800, 0.000000000000000000 ) ) ;
#33 = ORIENTED_EDGE ( 'NONE', *, *, #596, .F. ) ;
#34 = AXIS2_PLACEMENT_3D ( 'NONE', #1601, #22, #1193 ) ;
#35 = AXIS2_PLACEMENT_3D ( 'NONE', #1024, #262, #1288 ) ;
#36 = DIRECTION ( 'NONE',  ( -0.000000000000000000, -0.000000000000000000, -1.000000000000000000 ) ) ;
#37 = FACE_OUTER_BOUND ( 'NONE', #1357, .T. ) ;
#38 = DIRECTION ( 'NONE',  ( 0.000000000000000000, 0.000000000000000000, 1.000000000000000000 ) ) ;
#39 = SURFACE_STYLE_USAGE ( .BOTH. , #1081 ) ;
#40 = FACE_OUTER_BOUND ( 'NONE', #1493, .T. ) ;
#41 = CONICAL_SURFACE ( 'NONE', #417, 259.0000000000003411, 0.7853981633974037591 ) ;
#42 = CARTESIAN_POINT ( 'NONE',  ( 2856.149762545891463, 1518.021082971507440, 8.000000000000000000 ) ) ;
#43 = CARTESIAN_POINT ( 'NONE',  ( 1532.106903992089656, 244.5718892425760487, 0.000000000000000000 ) ) ;
#44 = CIRCLE ( 'NONE', #1422, 254.0000000000001137 ) ;
#45 = DIRECTION ( 'NONE',  ( -0.000000000000000000, -0.000000000000000000, -1.000000000000000000 ) ) ;
#46 = AXIS2_PLACEMENT_3D ( 'NONE', #1268, #116, #761 ) ;
#47 = ADVANCED_FACE ( 'NONE', ( #273 ), #91, .F. ) ;
#48 = EDGE_LOOP ( 'NONE', ( #1048, #357, #299, #926 ) ) ;
#49 = CARTESIAN_POINT ( 'NONE',  ( 2856.149762545891463, -1021.978917028492560, 8.000000000000000000 ) ) ;
#50 = ORIENTED_EDGE ( 'NONE', *, *, #824, .T. ) ;
#51 = EDGE_CURVE ( 'NONE', #86, #1104, #673, .T. ) ;
#52 = VECTOR ( 'NONE', #674, 1000.000000000000000 ) ;
#53 = CARTESIAN_POINT ( 'NONE',  ( 958.8527643132684943, 742.0072279318222854, 5.000000000000781597 ) ) ;
#54 = CYLINDRICAL_SURFACE ( 'NONE', #229, 254.0000000000000000 ) ;
#55 = ORIENTED_EDGE ( 'NONE', *, *, #770, .F. ) ;
#56 = CARTESIAN_POINT ( 'NONE',  ( 450.8527643132685512, 488.0072279318222854, 5.000000000000225597 ) ) ;
#57 = MANIFOLD_SOLID_BREP ( 'Chamfer2', #591 ) ;
#58 = VERTEX_POINT ( 'NONE', #704 ) ;
#59 = DIRECTION ( 'NONE',  ( -0.000000000000000000, -0.000000000000000000, -1.000000000000000000 ) ) ;
#60 = ORIENTED_EDGE ( 'NONE', *, *, #1212, .T. ) ;
#61 = CARTESIAN_POINT ( 'NONE',  ( -2223.850237454108537, 1518.021082971507440, 0.000000000000000000 ) ) ;
#62 = LINE ( 'NONE', #204, #415 ) ;
#63 = ORIENTED_EDGE ( 'NONE', *, *, #819, .F. ) ;
#64 = PLANE ( 'NONE',  #317 ) ;
#65 = ORIENTED_EDGE ( 'NONE', *, *, #265, .F. ) ;
#66 = CARTESIAN_POINT ( 'NONE',  ( 65.17720877023721471, -464.0221559124217379, 8.000000000000000000 ) ) ;
#67 = CIRCLE ( 'NONE', #1222, 254.0000000000000000 ) ;
#68 = ORIENTED_EDGE ( 'NONE', *, *, #1593, .T. ) ;
#69 = VERTEX_POINT ( 'NONE', #1490 ) ;
#70 = CARTESIAN_POINT ( 'NONE',  ( 450.8527643132685512, 488.0072279318222854, 8.000000000000000000 ) ) ;
#71 = ORIENTED_EDGE ( 'NONE', *, *, #794, .T. ) ;
#72 = ADVANCED_FACE ( 'NONE', ( #1354 ), #816, .F. ) ;
#73 = CARTESIAN_POINT ( 'NONE',  ( 2642.753317366998090, 366.6235166718605569, 8.000000000000000000 ) ) ;
#74 = VERTEX_POINT ( 'NONE', #1092 ) ;
#75 = AXIS2_PLACEMENT_3D ( 'NONE', #1036, #631, #1136 ) ;
#76 = DIRECTION ( 'NONE',  ( -0.000000000000000000, -0.000000000000000000, -1.000000000000000000 ) ) ;
#77 = EDGE_LOOP ( 'NONE', ( #988, #309, #1644, #953 ) ) ;
#78 = VECTOR ( 'NONE', #1488, 1000.000000000000114 ) ;
#79 = EDGE_LOOP ( 'NONE', ( #1260, #968, #104, #853 ) ) ;
#80 = EDGE_CURVE ( 'NONE', #820, #1345, #604, .T. ) ;
#81 = DIRECTION ( 'NONE',  ( -1.000000000000000000, 0.000000000000000000, 0.000000000000000000 ) ) ;
#82 = ORIENTED_EDGE ( 'NONE', *, *, #51, .T. ) ;
#83 = FACE_BOUND ( 'NONE', #569, .T. ) ;
#84 = ORIENTED_EDGE ( 'NONE', *, *, #819, .T. ) ;
#85 = CARTESIAN_POINT ( 'NONE',  ( 324.1772087702375416, -464.0221559124216810, 0.000000000000000000 ) ) ;
#86 = VERTEX_POINT ( 'NONE', #85 ) ;
#87 = VERTEX_POINT ( 'NONE', #1219 ) ;
#88 = CONICAL_SURFACE ( 'NONE', #1594, 259.0000000000004547, 0.7853981633974149723 ) ;
#89 = CARTESIAN_POINT ( 'NONE',  ( 958.8527643132684943, 742.0072279318222854, 0.000000000000000000 ) ) ;
#90 = ORIENTED_EDGE ( 'NONE', *, *, #1516, .T. ) ;
#91 = CONICAL_SURFACE ( 'NONE', #1033, 259.0000000000004547, 0.7853981633974149723 ) ;
#92 = FACE_OUTER_BOUND ( 'NONE', #4, .T. ) ;
#93 = ORIENTED_EDGE ( 'NONE', *, *, #1471, .F. ) ;
#94 = DIRECTION ( 'NONE',  ( 0.000000000000000000, 0.000000000000000000, 1.000000000000000000 ) ) ;
#95 = ORIENTED_EDGE ( 'NONE', *, *, #420, .F. ) ;
#96 = ORIENTED_EDGE ( 'NONE', *, *, #1118, .F. ) ;
#97 = CIRCLE ( 'NONE', #1037, 254.0000000000000000 ) ;
#98 = CIRCLE ( 'NONE', #1038, 259.0000000000003411 ) ;
#99 = DIRECTION ( 'NONE',  ( -0.000000000000000000, -0.000000000000000000, -1.000000000000000000 ) ) ;
#100 = EDGE_LOOP ( 'NONE', ( #200, #208, #739, #711 ) ) ;
#101 = AXIS2_PLACEMENT_3D ( 'NONE', #1420, #252, #386 ) ;
#102 = PLANE ( 'NONE',  #1261 ) ;
#103 = EDGE_CURVE ( 'NONE', #528, #1121, #336, .T. ) ;
#104 = ORIENTED_EDGE ( 'NONE', *, *, #787, .F. ) ;
#105 = AXIS2_PLACEMENT_3D ( 'NONE', #630, #511, #491 ) ;
#106 = ADVANCED_FACE ( 'NONE', ( #1000 ), #1344, .F. ) ;
#107 = ORIENTED_EDGE ( 'NONE', *, *, #1494, .T. ) ;
#108 = DIRECTION ( 'NONE',  ( -0.000000000000000000, -0.000000000000000000, -1.000000000000000000 ) ) ;
#109 = EDGE_LOOP ( 'NONE', ( #93, #267 ) ) ;
#110 = DIRECTION ( 'NONE',  ( -1.000000000000000000, 0.000000000000000000, 0.000000000000000000 ) ) ;
#111 = EDGE_LOOP ( 'NONE', ( #226, #1257, #335, #861 ) ) ;
#112 = DIRECTION ( 'NONE',  ( -1.000000000000000000, 0.000000000000000000, 0.000000000000000000 ) ) ;
#113 = VERTEX_POINT ( 'NONE', #587 ) ;
#114 =( LENGTH_UNIT ( ) NAMED_UNIT ( * ) SI_UNIT ( .MILLI., .METRE. ) );
#115 = CARTESIAN_POINT ( 'NONE',  ( 765.1069039920893147, -9.428110757423974420, 8.000000000000000000 ) ) ;
#116 = DIRECTION ( 'NONE',  ( -0.000000000000000000, -0.000000000000000000, -1.000000000000000000 ) ) ;
#117 = DIRECTION ( 'NONE',  ( -0.000000000000000000, -0.000000000000000000, -1.000000000000000000 ) ) ;
#118 = CIRCLE ( 'NONE', #1408, 259.0000000000004547 ) ;
#119 = ORIENTED_EDGE ( 'NONE', *, *, #1466, .T. ) ;
#120 = CARTESIAN_POINT ( 'NONE',  ( 65.17720877023721471, -464.0221559124217379, 8.000000000000000000 ) ) ;
#121 = CARTESIAN_POINT ( 'NONE',  ( 1273.106903992089201, 244.5718892425760203, 0.000000000000000000 ) ) ;
#122 = DIRECTION ( 'NONE',  ( -0.000000000000000000, -0.000000000000000000, -1.000000000000000000 ) ) ;
#123 = AXIS2_PLACEMENT_3D ( 'NONE', #1045, #161, #671 ) ;
#124 = EDGE_CURVE ( 'NONE', #1083, #1612, #98, .T. ) ;
#125 = CYLINDRICAL_SURFACE ( 'NONE', #908, 254.0000000000000000 ) ;
#126 = CARTESIAN_POINT ( 'NONE',  ( -2223.850237454108537, -1021.978917028491651, 0.000000000000000000 ) ) ;
#127 = CARTESIAN_POINT ( 'NONE',  ( -326.9041601857845194, 157.8448930801354493, 8.000000000000000000 ) ) ;
#128 = EDGE_CURVE ( 'NONE', #1241, #1637, #230, .T. ) ;
#129 = DIRECTION ( 'NONE',  ( -1.000000000000000000, 0.000000000000000000, 0.000000000000000000 ) ) ;
#130 = DIRECTION ( 'NONE',  ( -0.000000000000000000, -0.000000000000000000, -1.000000000000000000 ) ) ;
#131 = CARTESIAN_POINT ( 'NONE',  ( -1083.234689966840506, 595.7783977565959503, 8.000000000000000000 ) ) ;
#132 = VECTOR ( 'NONE', #1463, 1000.000000000000114 ) ;
#133 = VERTEX_POINT ( 'NONE', #1484 ) ;
#134 = DIRECTION ( 'NONE',  ( 0.000000000000000000, 0.000000000000000000, 1.000000000000000000 ) ) ;
#135 = LINE ( 'NONE', #525, #464 ) ;
#136 = LINE ( 'NONE', #1043, #304 ) ;
#137 = DIRECTION ( 'NONE',  ( 1.000000000000000000, 0.000000000000000000, 0.000000000000000000 ) ) ;
#138 = EDGE_LOOP ( 'NONE', ( #852, #616, #1561, #871 ) ) ;
#139 = EDGE_CURVE ( 'NONE', #1226, #394, #966, .T. ) ;
#140 = CARTESIAN_POINT ( 'NONE',  ( 2856.149762545891463, 1518.021082971507440, 8.000000000000000000 ) ) ;
#141 = DIRECTION ( 'NONE',  ( 1.000000000000000000, 0.000000000000000000, 0.000000000000000000 ) ) ;
#142 = AXIS2_PLACEMENT_3D ( 'NONE', #952, #1469, #194 ) ;
#143 = FACE_OUTER_BOUND ( 'NONE', #732, .T. ) ;
#144 = CARTESIAN_POINT ( 'NONE',  ( 1838.808535377513408, 328.5423492460228090, 0.000000000000000000 ) ) ;
#145 = LINE ( 'NONE', #1057, #52 ) ;
#146 = ADVANCED_FACE ( 'NONE', ( #1371 ), #712, .F. ) ;
#147 = CIRCLE ( 'NONE', #519, 254.0000000000000000 ) ;
#148 = VERTEX_POINT ( 'NONE', #1363 ) ;
#149 = EDGE_CURVE ( 'NONE', #341, #590, #1636, .T. ) ;
#150 = CIRCLE ( 'NONE', #315, 254.0000000000000000 ) ;
#151 = CARTESIAN_POINT ( 'NONE',  ( 765.1069039920893147, -9.428110757423974420, 8.000000000000000000 ) ) ;
#152 = DIRECTION ( 'NONE',  ( -1.000000000000000000, 0.000000000000000000, 0.000000000000000000 ) ) ;
#153 = CIRCLE ( 'NONE', #960, 254.0000000000002274 ) ;
#154 = CARTESIAN_POINT ( 'NONE',  ( 1524.554395698692588, 825.9776879352690457, 0.000000000000000000 ) ) ;
#155 = ORIENTED_EDGE ( 'NONE', *, *, #942, .T. ) ;
#156 = LINE ( 'NONE', #1585, #471 ) ;
#157 = ORIENTED_EDGE ( 'NONE', *, *, #1276, .F. ) ;
#158 = DIRECTION ( 'NONE',  ( -1.000000000000000000, 0.000000000000000000, 0.000000000000000000 ) ) ;
#159 = CYLINDRICAL_SURFACE ( 'NONE', #1645, 254.0000000000000000 ) ;
#160 = CIRCLE ( 'NONE', #1239, 254.0000000000000000 ) ;
#161 = DIRECTION ( 'NONE',  ( -0.000000000000000000, -0.000000000000000000, -1.000000000000000000 ) ) ;
#162 = SURFACE_STYLE_FILL_AREA ( #1591 ) ;
#163 = DIRECTION ( 'NONE',  ( -1.000000000000000000, 0.000000000000000000, 0.000000000000000000 ) ) ;
#164 = VECTOR ( 'NONE', #1595, 1000.000000000000000 ) ;
#165 = ADVANCED_FACE ( 'NONE', ( #1500 ), #342, .F. ) ;
#166 = FACE_OUTER_BOUND ( 'NONE', #848, .T. ) ;
#167 = FACE_OUTER_BOUND ( 'NONE', #514, .T. ) ;
#168 = AXIS2_PLACEMENT_3D ( 'NONE', #1202, #298, #1449 ) ;
#169 = CIRCLE ( 'NONE', #678, 254.0000000000000000 ) ;
#170 = FACE_OUTER_BOUND ( 'NONE', #592, .T. ) ;
#171 = EDGE_CURVE ( 'NONE', #1091, #1586, #156, .T. ) ;
#172 = LINE ( 'NONE', #430, #810 ) ;
#173 = DIRECTION ( 'NONE',  ( -1.000000000000000000, 0.000000000000000000, 0.000000000000000000 ) ) ;
#174 = AXIS2_PLACEMENT_3D ( 'NONE', #849, #1617, #977 ) ;
#175 = AXIS2_PLACEMENT_3D ( 'NONE', #1454, #402, #1296 ) ;
#176 = EDGE_CURVE ( 'NONE', #1367, #652, #681, .T. ) ;
#177 = CARTESIAN_POINT ( 'NONE',  ( 1270.554395698692588, 825.9776879352690457, 4.999999999999448441 ) ) ;
#178 = DIRECTION ( 'NONE',  ( -1.000000000000000000, 0.000000000000000000, 0.000000000000000000 ) ) ;
#179 = AXIS2_PLACEMENT_3D ( 'NONE', #499, #512, #1517 ) ;
#180 = PRODUCT_RELATED_PRODUCT_CATEGORY ( 'part', '', ( #1189 ) ) ;
#181 = CARTESIAN_POINT ( 'NONE',  ( -580.9041601857844626, 157.8448930801354493, 8.000000000000000000 ) ) ;
#182 = AXIS2_PLACEMENT_3D ( 'NONE', #1066, #279, #1198 ) ;
#183 = EDGE_LOOP ( 'NONE', ( #599, #461, #1621, #1378 ) ) ;
#184 = DIRECTION ( 'NONE',  ( -1.000000000000000000, -0.000000000000000000, -0.000000000000000000 ) ) ;
#185 = VECTOR ( 'NONE', #456, 1000.000000000000000 ) ;
#186 = EDGE_LOOP ( 'NONE', ( #1542, #657, #60, #214 ) ) ;
#187 = DIRECTION ( 'NONE',  ( 0.000000000000000000, 0.000000000000000000, 1.000000000000000000 ) ) ;
#188 = FACE_OUTER_BOUND ( 'NONE', #532, .T. ) ;
#189 = ORIENTED_EDGE ( 'NONE', *, *, #774, .T. ) ;
#190 = FACE_BOUND ( 'NONE', #1238, .T. ) ;
#191 = ORIENTED_EDGE ( 'NONE', *, *, #541, .T. ) ;
#192 = ORIENTED_EDGE ( 'NONE', *, *, #103, .F. ) ;
#193 = EDGE_CURVE ( 'NONE', #394, #219, #793, .T. ) ;
#194 = DIRECTION ( 'NONE',  ( -1.000000000000000000, 1.748382715945128756E-16, 0.000000000000000000 ) ) ;
#195 = EDGE_LOOP ( 'NONE', ( #1633, #1483 ) ) ;
#196 = FACE_BOUND ( 'NONE', #477, .T. ) ;
#197 = ORIENTED_EDGE ( 'NONE', *, *, #924, .F. ) ;
#198 = DIRECTION ( 'NONE',  ( -1.000000000000000000, 0.000000000000000000, 0.000000000000000000 ) ) ;
#199 = AXIS2_PLACEMENT_3D ( 'NONE', #356, #222, #633 ) ;
#200 = ORIENTED_EDGE ( 'NONE', *, *, #878, .F. ) ;
#201 = ORIENTED_EDGE ( 'NONE', *, *, #917, .F. ) ;
#202 = EDGE_CURVE ( 'NONE', #1499, #844, #1152, .T. ) ;
#203 = CIRCLE ( 'NONE', #905, 258.9999999999990337 ) ;
#204 = CARTESIAN_POINT ( 'NONE',  ( -1697.697268441088227, 638.6197309304922101, 0.000000000000000000 ) ) ;
#205 = EDGE_CURVE ( 'NONE', #1631, #133, #553, .T. ) ;
#206 = EDGE_LOOP ( 'NONE', ( #561, #981, #1021, #640 ) ) ;
#207 = LINE ( 'NONE', #73, #613 ) ;
#208 = ORIENTED_EDGE ( 'NONE', *, *, #1552, .T. ) ;
#209 = AXIS2_PLACEMENT_3D ( 'NONE', #1668, #1646, #744 ) ;
#210 = CARTESIAN_POINT ( 'NONE',  ( 2388.753317366998090, 366.6235166718605001, 8.000000000000000000 ) ) ;
#211 = ORIENTED_EDGE ( 'NONE', *, *, #497, .F. ) ;
#212 = VERTEX_POINT ( 'NONE', #941 ) ;
#213 = CARTESIAN_POINT ( 'NONE',  ( 1524.554395698692588, 825.9776879352690457, 0.000000000000000000 ) ) ;
#214 = ORIENTED_EDGE ( 'NONE', *, *, #967, .F. ) ;
#215 = FACE_BOUND ( 'NONE', #1293, .T. ) ;
#216 = VERTEX_POINT ( 'NONE', #307 ) ;
#217 = CARTESIAN_POINT ( 'NONE',  ( -326.9041601857845194, 157.8448930801354493, 8.000000000000000000 ) ) ;
#218 = VERTEX_POINT ( 'NONE', #1441 ) ;
#219 = VERTEX_POINT ( 'NONE', #319 ) ;
#220 = PRODUCT_DEFINITION_CONTEXT ( 'detailed design', #360, 'design' ) ;
#221 = ORIENTED_EDGE ( 'NONE', *, *, #1290, .T. ) ;
#222 = DIRECTION ( 'NONE',  ( 0.000000000000000000, 0.000000000000000000, 1.000000000000000000 ) ) ;
#223 = ORIENTED_EDGE ( 'NONE', *, *, #670, .F. ) ;
#224 = EDGE_CURVE ( 'NONE', #1568, #341, #145, .T. ) ;
#225 = DIRECTION ( 'NONE',  ( -0.000000000000000000, -0.000000000000000000, -1.000000000000000000 ) ) ;
#226 = ORIENTED_EDGE ( 'NONE', *, *, #1578, .F. ) ;
#227 = EDGE_CURVE ( 'NONE', #1145, #1568, #348, .T. ) ;
#228 = ORIENTED_EDGE ( 'NONE', *, *, #1593, .F. ) ;
#229 = AXIS2_PLACEMENT_3D ( 'NONE', #1460, #855, #1349 ) ;
#230 = CIRCLE ( 'NONE', #1254, 254.0000000000000000 ) ;
#231 = DIRECTION ( 'NONE',  ( 1.000000000000000000, 0.000000000000000000, 0.000000000000000000 ) ) ;
#232 = VERTEX_POINT ( 'NONE', #685 ) ;
#233 = CIRCLE ( 'NONE', #880, 254.0000000000000000 ) ;
#234 = CARTESIAN_POINT ( 'NONE',  ( 1815.499177688176587, 864.0588553611066800, 0.000000000000000000 ) ) ;
#235 = DIRECTION ( 'NONE',  ( -1.000000000000000000, 0.000000000000000000, 0.000000000000000000 ) ) ;
#236 = ORIENTED_EDGE ( 'NONE', *, *, #128, .F. ) ;
#237 = CIRCLE ( 'NONE', #823, 254.0000000000000000 ) ;
#238 = DIRECTION ( 'NONE',  ( 0.000000000000000000, 0.000000000000000000, 1.000000000000000000 ) ) ;
#239 = DIRECTION ( 'NONE',  ( -1.000000000000000000, 0.000000000000000000, 0.000000000000000000 ) ) ;
#240 = CARTESIAN_POINT ( 'NONE',  ( -829.2346899668405058, 595.7783977565959503, 8.000000000000000000 ) ) ;
#241 = AXIS2_PLACEMENT_3D ( 'NONE', #896, #1179, #1042 ) ;
#242 = ORIENTED_EDGE ( 'NONE', *, *, #1494, .F. ) ;
#243 = CARTESIAN_POINT ( 'NONE',  ( 450.8527643132685512, 488.0072279318222854, 8.000000000000000000 ) ) ;
#244 = CYLINDRICAL_SURFACE ( 'NONE', #883, 254.0000000000000000 ) ;
#245 = ADVANCED_FACE ( 'NONE', ( #694 ), #1208, .F. ) ;
#246 = AXIS2_PLACEMENT_3D ( 'NONE', #1555, #395, #913 ) ;
#247 = CARTESIAN_POINT ( 'NONE',  ( 1584.808535377513181, 328.5423492460228090, 8.000000000000000000 ) ) ;
#248 = VECTOR ( 'NONE', #792, 1000.000000000000000 ) ;
#249 = CARTESIAN_POINT ( 'NONE',  ( -1083.234689966840506, 595.7783977565959503, 8.000000000000000000 ) ) ;
#250 = ADVANCED_FACE ( 'NONE', ( #40 ), #936, .F. ) ;
#251 = ORIENTED_EDGE ( 'NONE', *, *, #1368, .F. ) ;
#252 = DIRECTION ( 'NONE',  ( 0.000000000000000000, 0.000000000000000000, 1.000000000000000000 ) ) ;
#253 = FACE_OUTER_BOUND ( 'NONE', #1603, .T. ) ;
#254 = CARTESIAN_POINT ( 'NONE',  ( 765.1069039920893147, -9.428110757423974420, 8.000000000000000000 ) ) ;
#255 = FACE_OUTER_BOUND ( 'NONE', #1204, .T. ) ;
#256 = AXIS2_PLACEMENT_3D ( 'NONE', #1446, #527, #1055 ) ;
#257 = DIRECTION ( 'NONE',  ( -0.000000000000000000, -0.000000000000000000, -1.000000000000000000 ) ) ;
#258 = VECTOR ( 'NONE', #117, 1000.000000000000000 ) ;
#259 = EDGE_LOOP ( 'NONE', ( #723, #488 ) ) ;
#260 = CARTESIAN_POINT ( 'NONE',  ( 1273.106903992089201, 244.5718892425760203, 5.000000000000781597 ) ) ;
#261 = VECTOR ( 'NONE', #365, 1000.000000000000000 ) ;
#262 = DIRECTION ( 'NONE',  ( 0.000000000000000000, 0.000000000000000000, 1.000000000000000000 ) ) ;
#263 = DIRECTION ( 'NONE',  ( -0.7071067811865161534, 0.000000000000000000, -0.7071067811865788810 ) ) ;
#264 = DIRECTION ( 'NONE',  ( -0.000000000000000000, -0.000000000000000000, 1.000000000000000000 ) ) ;
#265 = EDGE_CURVE ( 'NONE', #700, #1579, #1372, .T. ) ;
#266 = VECTOR ( 'NONE', #411, 1000.000000000000000 ) ;
#267 = ORIENTED_EDGE ( 'NONE', *, *, #928, .F. ) ;
#268 = CARTESIAN_POINT ( 'NONE',  ( 2134.753317366998090, 366.6235166718605001, 8.000000000000000000 ) ) ;
#269 = DIRECTION ( 'NONE',  ( -0.000000000000000000, -0.000000000000000000, -1.000000000000000000 ) ) ;
#270 = CARTESIAN_POINT ( 'NONE',  ( 1024.106903992089883, -9.428110757423942445, 0.000000000000000000 ) ) ;
#271 = EDGE_CURVE ( 'NONE', #1124, #1579, #1577, .T. ) ;
#272 = DIRECTION ( 'NONE',  ( -1.000000000000000000, 0.000000000000000000, 0.000000000000000000 ) ) ;
#273 = FACE_OUTER_BOUND ( 'NONE', #1223, .T. ) ;
#274 = EDGE_CURVE ( 'NONE', #714, #133, #1412, .T. ) ;
#275 = ORIENTED_EDGE ( 'NONE', *, *, #1315, .T. ) ;
#276 = VERTEX_POINT ( 'NONE', #419 ) ;
#277 = ORIENTED_EDGE ( 'NONE', *, *, #474, .F. ) ;
#278 = DIRECTION ( 'NONE',  ( -1.000000000000000000, 0.000000000000000000, 0.000000000000000000 ) ) ;
#279 = DIRECTION ( 'NONE',  ( 1.000000000000000000, 0.000000000000000000, 0.000000000000000000 ) ) ;
#280 = CIRCLE ( 'NONE', #362, 259.0000000000003411 ) ;
#281 = DIRECTION ( 'NONE',  ( 0.000000000000000000, 0.000000000000000000, 1.000000000000000000 ) ) ;
#282 = ADVANCED_FACE ( 'NONE', ( #538 ), #560, .F. ) ;
#283 = ORIENTED_EDGE ( 'NONE', *, *, #1276, .T. ) ;
#284 = DIRECTION ( 'NONE',  ( 1.000000000000000000, 0.000000000000000000, 0.000000000000000000 ) ) ;
#285 = AXIS2_PLACEMENT_3D ( 'NONE', #771, #1651, #235 ) ;
#286 = CARTESIAN_POINT ( 'NONE',  ( -1438.697268441087999, 638.6197309304922101, 5.000000000000781597 ) ) ;
#287 = CARTESIAN_POINT ( 'NONE',  ( 65.17720877023721471, -464.0221559124217379, 0.000000000000000000 ) ) ;
#288 = AXIS2_PLACEMENT_3D ( 'NONE', #1035, #122, #1128 ) ;
#289 = DIRECTION ( 'NONE',  ( -0.000000000000000000, -0.000000000000000000, -1.000000000000000000 ) ) ;
#290 = CARTESIAN_POINT ( 'NONE',  ( -829.2346899668405058, 595.7783977565959503, 0.000000000000000000 ) ) ;
#291 = CARTESIAN_POINT ( 'NONE',  ( -829.2346899668405058, 595.7783977565959503, 0.000000000000000000 ) ) ;
#292 = DIRECTION ( 'NONE',  ( -1.000000000000000000, 0.000000000000000000, 0.000000000000000000 ) ) ;
#293 = DIRECTION ( 'NONE',  ( -0.000000000000000000, -0.000000000000000000, 1.000000000000000000 ) ) ;
#294 = EDGE_CURVE ( 'NONE', #276, #1110, #600, .T. ) ;
#295 = VECTOR ( 'NONE', #922, 1000.000000000000114 ) ;
#296 = CARTESIAN_POINT ( 'NONE',  ( 1273.106903992089201, 244.5718892425760203, 8.000000000000000000 ) ) ;
#297 = ORIENTED_EDGE ( 'NONE', *, *, #1199, .T. ) ;
#298 = DIRECTION ( 'NONE',  ( -0.000000000000000000, -0.000000000000000000, -1.000000000000000000 ) ) ;
#299 = ORIENTED_EDGE ( 'NONE', *, *, #1352, .F. ) ;
#300 =( GEOMETRIC_REPRESENTATION_CONTEXT ( 3 ) GLOBAL_UNCERTAINTY_ASSIGNED_CONTEXT ( ( #1505 ) ) GLOBAL_UNIT_ASSIGNED_CONTEXT ( ( #1584, #783, #1245 ) ) REPRESENTATION_CONTEXT ( 'NONE', 'WORKASPACE' ) );
#301 = EDGE_CURVE ( 'NONE', #1475, #1134, #1324, .T. ) ;
#302 = FACE_OUTER_BOUND ( 'NONE', #1409, .T. ) ;
#303 = CARTESIAN_POINT ( 'NONE',  ( 191.8527643132682101, 488.0072279318222854, 0.000000000000000000 ) ) ;
#304 = VECTOR ( 'NONE', #1557, 1000.000000000000000 ) ;
#305 = DIRECTION ( 'NONE',  ( -1.000000000000000000, 0.000000000000000000, 0.000000000000000000 ) ) ;
#306 = DIRECTION ( 'NONE',  ( -1.000000000000000000, 0.000000000000000000, 0.000000000000000000 ) ) ;
#307 = CARTESIAN_POINT ( 'NONE',  ( -1184.697268441087999, 638.6197309304922101, 8.000000000000000000 ) ) ;
#308 = AXIS2_PLACEMENT_3D ( 'NONE', #570, #76, #198 ) ;
#309 = ORIENTED_EDGE ( 'NONE', *, *, #1267, .F. ) ;
#310 = VECTOR ( 'NONE', #1067, 1000.000000000000114 ) ;
#311 = CARTESIAN_POINT ( 'NONE',  ( 0.000000000000000000, 0.000000000000000000, 0.000000000000000000 ) ) ;
#312 = EDGE_LOOP ( 'NONE', ( #879, #96 ) ) ;
#313 = LINE ( 'NONE', #826, #1111 ) ;
#314 = DIRECTION ( 'NONE',  ( 1.000000000000000000, -1.748382715945128756E-16, -0.000000000000000000 ) ) ;
#315 = AXIS2_PLACEMENT_3D ( 'NONE', #381, #1157, #112 ) ;
#316 = DIRECTION ( 'NONE',  ( -0.000000000000000000, -0.000000000000000000, -1.000000000000000000 ) ) ;
#317 = AXIS2_PLACEMENT_3D ( 'NONE', #973, #1607, #568 ) ;
#318 = VERTEX_POINT ( 'NONE', #431 ) ;
#319 = CARTESIAN_POINT ( 'NONE',  ( 2856.149762545891463, -1021.978917028492560, 0.000000000000000000 ) ) ;
#320 = EDGE_CURVE ( 'NONE', #74, #347, #821, .T. ) ;
#321 = ORIENTED_EDGE ( 'NONE', *, *, #544, .F. ) ;
#322 = CARTESIAN_POINT ( 'NONE',  ( -67.90416018578414992, 157.8448930801354777, 0.000000000000000000 ) ) ;
#323 = FACE_OUTER_BOUND ( 'NONE', #1381, .T. ) ;
#324 = ORIENTED_EDGE ( 'NONE', *, *, #1540, .F. ) ;
#325 = ORIENTED_EDGE ( 'NONE', *, *, #562, .T. ) ;
#326 = FACE_BOUND ( 'NONE', #612, .T. ) ;
#327 = EDGE_CURVE ( 'NONE', #333, #1374, #900, .T. ) ;
#328 = EDGE_LOOP ( 'NONE', ( #1382, #571, #1373, #950 ) ) ;
#329 = ORIENTED_EDGE ( 'NONE', *, *, #623, .F. ) ;
#330 = EDGE_CURVE ( 'NONE', #1134, #1475, #978, .T. ) ;
#331 = DIRECTION ( 'NONE',  ( -1.000000000000000000, 0.000000000000000000, 0.000000000000000000 ) ) ;
#332 = VECTOR ( 'NONE', #1197, 1000.000000000000114 ) ;
#333 = VERTEX_POINT ( 'NONE', #177 ) ;
#334 = LINE ( 'NONE', #719, #1425 ) ;
#335 = ORIENTED_EDGE ( 'NONE', *, *, #555, .F. ) ;
#336 = LINE ( 'NONE', #1117, #1550 ) ;
#337 = ORIENTED_EDGE ( 'NONE', *, *, #1399, .F. ) ;
#338 = DIRECTION ( 'NONE',  ( -1.000000000000000000, 0.000000000000000000, 0.000000000000000000 ) ) ;
#339 = EDGE_LOOP ( 'NONE', ( #1489, #586 ) ) ;
#340 = CARTESIAN_POINT ( 'NONE',  ( 2129.753317366997635, 366.6235166718605001, 0.000000000000000000 ) ) ;
#341 = VERTEX_POINT ( 'NONE', #1588 ) ;
#342 = CYLINDRICAL_SURFACE ( 'NONE', #1416, 254.0000000000000000 ) ;
#343 = ORIENTED_EDGE ( 'NONE', *, *, #224, .T. ) ;
#344 = EDGE_CURVE ( 'NONE', #1299, #86, #951, .T. ) ;
#345 = ORIENTED_EDGE ( 'NONE', *, *, #1540, .T. ) ;
#346 = CARTESIAN_POINT ( 'NONE',  ( 1270.554395698692588, 825.9776879352690457, 8.000000000000000000 ) ) ;
#347 = VERTEX_POINT ( 'NONE', #61 ) ;
#348 = CIRCLE ( 'NONE', #1286, 254.0000000000000000 ) ;
#349 = EDGE_CURVE ( 'NONE', #860, #929, #118, .T. ) ;
#350 = LINE ( 'NONE', #1207, #829 ) ;
#351 = ORIENTED_EDGE ( 'NONE', *, *, #375, .T. ) ;
#352 = ORIENTED_EDGE ( 'NONE', *, *, #1164, .F. ) ;
#353 = EDGE_CURVE ( 'NONE', #929, #860, #1571, .T. ) ;
#354 = ORIENTED_EDGE ( 'NONE', *, *, #1552, .F. ) ;
#355 = ORIENTED_EDGE ( 'NONE', *, *, #1007, .F. ) ;
#356 = CARTESIAN_POINT ( 'NONE',  ( 2074.499177688177042, 864.0588553611066800, 8.000000000000000000 ) ) ;
#357 = ORIENTED_EDGE ( 'NONE', *, *, #924, .T. ) ;
#358 = CARTESIAN_POINT ( 'NONE',  ( -829.2346899668405058, 595.7783977565959503, 5.000000000000781597 ) ) ;
#359 = DIRECTION ( 'NONE',  ( -0.000000000000000000, -0.000000000000000000, -1.000000000000000000 ) ) ;
#360 = APPLICATION_CONTEXT ( 'automotive_design' ) ;
#361 = VERTEX_POINT ( 'NONE', #1604 ) ;
#362 = AXIS2_PLACEMENT_3D ( 'NONE', #89, #864, #1125 ) ;
#363 = VERTEX_POINT ( 'NONE', #1205 ) ;
#364 = CARTESIAN_POINT ( 'NONE',  ( -72.90416018578449098, 157.8448930801354777, 5.000000000000781597 ) ) ;
#365 = DIRECTION ( 'NONE',  ( -0.000000000000000000, -0.000000000000000000, -1.000000000000000000 ) ) ;
#366 = DIRECTION ( 'NONE',  ( -0.000000000000000000, -0.000000000000000000, -1.000000000000000000 ) ) ;
#367 = AXIS2_PLACEMENT_3D ( 'NONE', #1403, #489, #1377 ) ;
#368 = ADVANCED_FACE ( 'NONE', ( #302 ), #1459, .F. ) ;
#369 = CIRCLE ( 'NONE', #1127, 254.0000000000001137 ) ;
#370 = EDGE_LOOP ( 'NONE', ( #566, #452, #345, #1006 ) ) ;
#371 = LINE ( 'NONE', #126, #1389 ) ;
#372 = FACE_OUTER_BOUND ( 'NONE', #23, .T. ) ;
#373 = LINE ( 'NONE', #890, #19 ) ;
#374 = CARTESIAN_POINT ( 'NONE',  ( 1838.808535377513408, 328.5423492460228090, 8.000000000000000000 ) ) ;
#375 = EDGE_CURVE ( 'NONE', #1091, #1397, #1060, .T. ) ;
#376 = AXIS2_PLACEMENT_3D ( 'NONE', #510, #1034, #389 ) ;
#377 = LINE ( 'NONE', #641, #869 ) ;
#378 = DIRECTION ( 'NONE',  ( -0.000000000000000000, -0.000000000000000000, -1.000000000000000000 ) ) ;
#379 = DIRECTION ( 'NONE',  ( -1.000000000000000000, 0.000000000000000000, 0.000000000000000000 ) ) ;
#380 = DIRECTION ( 'NONE',  ( 0.000000000000000000, 0.000000000000000000, 1.000000000000000000 ) ) ;
#381 = CARTESIAN_POINT ( 'NONE',  ( -1438.697268441087999, 638.6197309304922101, 5.000000000000781597 ) ) ;
#382 = AXIS2_PLACEMENT_3D ( 'NONE', #542, #961, #1213 ) ;
#383 = EDGE_LOOP ( 'NONE', ( #935, #325, #530, #703 ) ) ;
#384 = AXIS2_PLACEMENT_3D ( 'NONE', #291, #803, #163 ) ;
#385 = AXIS2_PLACEMENT_3D ( 'NONE', #1309, #1565, #141 ) ;
#386 = DIRECTION ( 'NONE',  ( 1.000000000000000000, 0.000000000000000000, 0.000000000000000000 ) ) ;
#387 = CARTESIAN_POINT ( 'NONE',  ( 2097.808535377513635, 328.5423492460228658, 0.000000000000000000 ) ) ;
#388 = AXIS2_PLACEMENT_3D ( 'NONE', #468, #722, #989 ) ;
#389 = DIRECTION ( 'NONE',  ( -1.000000000000000000, 0.000000000000000000, 0.000000000000000000 ) ) ;
#390 = FACE_OUTER_BOUND ( 'NONE', #111, .T. ) ;
#391 = VECTOR ( 'NONE', #1138, 1000.000000000000000 ) ;
#392 = FACE_OUTER_BOUND ( 'NONE', #655, .T. ) ;
#393 = AXIS2_PLACEMENT_3D ( 'NONE', #121, #1507, #1016 ) ;
#394 = VERTEX_POINT ( 'NONE', #421 ) ;
#395 = DIRECTION ( 'NONE',  ( -0.000000000000000000, -0.000000000000000000, -1.000000000000000000 ) ) ;
#396 = AXIS2_PLACEMENT_3D ( 'NONE', #1396, #747, #1262 ) ;
#397 = EDGE_CURVE ( 'NONE', #218, #212, #539, .T. ) ;
#398 = DIRECTION ( 'NONE',  ( -0.000000000000000000, -0.000000000000000000, -1.000000000000000000 ) ) ;
#399 = CARTESIAN_POINT ( 'NONE',  ( 958.8527643132684943, 742.0072279318222854, 0.000000000000000000 ) ) ;
#400 = CIRCLE ( 'NONE', #912, 253.9999999999999432 ) ;
#401 = EDGE_CURVE ( 'NONE', #1134, #69, #697, .T. ) ;
#402 = DIRECTION ( 'NONE',  ( 0.000000000000000000, 0.000000000000000000, 1.000000000000000000 ) ) ;
#403 = ORIENTED_EDGE ( 'NONE', *, *, #867, .T. ) ;
#404 = EDGE_LOOP ( 'NONE', ( #277, #355, #1244, #337 ) ) ;
#405 = LINE ( 'NONE', #1287, #460 ) ;
#406 = EDGE_CURVE ( 'NONE', #740, #446, #1491, .T. ) ;
#407 = DIRECTION ( 'NONE',  ( 0.000000000000000000, 0.000000000000000000, 1.000000000000000000 ) ) ;
#408 = CARTESIAN_POINT ( 'NONE',  ( 1524.554395698692588, 825.9776879352690457, 0.000000000000000000 ) ) ;
#409 = CARTESIAN_POINT ( 'NONE',  ( -2223.850237454108537, -1021.978917028491651, 0.000000000000000000 ) ) ;
#410 = ORIENTED_EDGE ( 'NONE', *, *, #1095, .T. ) ;
#411 = DIRECTION ( 'NONE',  ( -0.000000000000000000, -0.000000000000000000, -1.000000000000000000 ) ) ;
#412 = DIRECTION ( 'NONE',  ( 1.000000000000000000, 0.000000000000000000, 0.000000000000000000 ) ) ;
#413 = LINE ( 'NONE', #1058, #1190 ) ;
#414 = DIRECTION ( 'NONE',  ( 0.000000000000000000, 0.000000000000000000, 1.000000000000000000 ) ) ;
#415 = VECTOR ( 'NONE', #1622, 1000.000000000000114 ) ;
#416 = FACE_OUTER_BOUND ( 'NONE', #1350, .T. ) ;
#417 = AXIS2_PLACEMENT_3D ( 'NONE', #808, #1583, #272 ) ;
#418 = DIRECTION ( 'NONE',  ( -0.000000000000000000, -0.000000000000000000, 1.000000000000000000 ) ) ;
#419 = CARTESIAN_POINT ( 'NONE',  ( -570.2346899668400511, 595.7783977565959503, 0.000000000000000000 ) ) ;
#420 = EDGE_CURVE ( 'NONE', #1374, #148, #679, .T. ) ;
#421 = CARTESIAN_POINT ( 'NONE',  ( 2856.149762545891463, -1021.978917028492560, 8.000000000000000000 ) ) ;
#422 = LINE ( 'NONE', #43, #901 ) ;
#423 = FACE_OUTER_BOUND ( 'NONE', #100, .T. ) ;
#424 = CARTESIAN_POINT ( 'NONE',  ( 2333.499177688177497, 864.0588553611066800, 0.000000000000000000 ) ) ;
#425 = EDGE_CURVE ( 'NONE', #772, #1110, #814, .T. ) ;
#426 = AXIS2_PLACEMENT_3D ( 'NONE', #664, #1314, #1592 ) ;
#427 = DIRECTION ( 'NONE',  ( -1.000000000000000000, 0.000000000000000000, 0.000000000000000000 ) ) ;
#428 = CARTESIAN_POINT ( 'NONE',  ( -1184.697268441087999, 638.6197309304922101, 8.000000000000000000 ) ) ;
#429 = LINE ( 'NONE', #1072, #1119 ) ;
#430 = CARTESIAN_POINT ( 'NONE',  ( 196.8527643132685796, 488.0072279318222854, 8.000000000000000000 ) ) ;
#431 = CARTESIAN_POINT ( 'NONE',  ( 704.8527643132684943, 488.0072279318223423, 5.000000000000225597 ) ) ;
#432 = EDGE_LOOP ( 'NONE', ( #828, #888, #221, #1353 ) ) ;
#433 = CARTESIAN_POINT ( 'NONE',  ( 1273.106903992089201, 244.5718892425760203, 0.000000000000000000 ) ) ;
#434 = DIRECTION ( 'NONE',  ( -1.000000000000000000, 0.000000000000000000, 0.000000000000000000 ) ) ;
#435 = ADVANCED_FACE ( 'NONE', ( #1327 ), #625, .F. ) ;
#436 = AXIS2_PLACEMENT_3D ( 'NONE', #573, #1112, #707 ) ;
#437 = CARTESIAN_POINT ( 'NONE',  ( 1014.106903992088860, 244.5718892425760203, 0.000000000000000000 ) ) ;
#438 = LINE ( 'NONE', #947, #248 ) ;
#439 = CARTESIAN_POINT ( 'NONE',  ( 1273.106903992089201, 244.5718892425760203, 0.000000000000000000 ) ) ;
#440 = EDGE_LOOP ( 'NONE', ( #865, #834 ) ) ;
#441 = VECTOR ( 'NONE', #1388, 1000.000000000000000 ) ;
#442 = EDGE_CURVE ( 'NONE', #1496, #1104, #313, .T. ) ;
#443 = CARTESIAN_POINT ( 'NONE',  ( -829.2346899668405058, 595.7783977565959503, 8.000000000000000000 ) ) ;
#444 = DIRECTION ( 'NONE',  ( -0.7071067811865593411, 0.000000000000000000, -0.7071067811865356934 ) ) ;
#445 = CIRCLE ( 'NONE', #285, 259.0000000000003411 ) ;
#446 = VERTEX_POINT ( 'NONE', #1319 ) ;
#447 = CYLINDRICAL_SURFACE ( 'NONE', #690, 254.0000000000000000 ) ;
#448 = AXIS2_PLACEMENT_3D ( 'NONE', #1453, #293, #152 ) ;
#449 = ADVANCED_FACE ( 'NONE', ( #166 ), #1301, .F. ) ;
#450 = ORIENTED_EDGE ( 'NONE', *, *, #474, .T. ) ;
#451 = DIRECTION ( 'NONE',  ( -1.000000000000000000, 0.000000000000000000, 0.000000000000000000 ) ) ;
#452 = ORIENTED_EDGE ( 'NONE', *, *, #1130, .T. ) ;
#453 = FACE_OUTER_BOUND ( 'NONE', #1340, .T. ) ;
#454 = EDGE_LOOP ( 'NONE', ( #725, #1201, #972, #537 ) ) ;
#455 = VECTOR ( 'NONE', #1444, 1000.000000000000000 ) ;
#456 = DIRECTION ( 'NONE',  ( -0.000000000000000000, -0.000000000000000000, -1.000000000000000000 ) ) ;
#457 = ORIENTED_EDGE ( 'NONE', *, *, #541, .F. ) ;
#458 = DIRECTION ( 'NONE',  ( -0.000000000000000000, -0.000000000000000000, -1.000000000000000000 ) ) ;
#459 = ORIENTED_EDGE ( 'NONE', *, *, #596, .T. ) ;
#460 = VECTOR ( 'NONE', #1159, 1000.000000000000114 ) ;
#461 = ORIENTED_EDGE ( 'NONE', *, *, #1255, .T. ) ;
#462 = AXIS2_PLACEMENT_3D ( 'NONE', #559, #418, #1448 ) ;
#463 = CARTESIAN_POINT ( 'NONE',  ( 1217.852764313268835, 742.0072279318222854, 0.000000000000000000 ) ) ;
#464 = VECTOR ( 'NONE', #269, 1000.000000000000000 ) ;
#465 = ORIENTED_EDGE ( 'NONE', *, *, #1647, .T. ) ;
#466 = CARTESIAN_POINT ( 'NONE',  ( 2129.753317366997635, 366.6235166718605001, 0.000000000000000000 ) ) ;
#467 = ORIENTED_EDGE ( 'NONE', *, *, #1020, .T. ) ;
#468 = CARTESIAN_POINT ( 'NONE',  ( 1273.106903992089201, 244.5718892425760203, 5.000000000000781597 ) ) ;
#469 = EDGE_CURVE ( 'NONE', #1237, #1166, #842, .T. ) ;
#470 = ORIENTED_EDGE ( 'NONE', *, *, #562, .F. ) ;
#471 = VECTOR ( 'NONE', #1082, 1000.000000000000000 ) ;
#472 = ORIENTED_EDGE ( 'NONE', *, *, #171, .F. ) ;
#473 = AXIS2_PLACEMENT_3D ( 'NONE', #374, #892, #1151 ) ;
#474 = EDGE_CURVE ( 'NONE', #318, #1002, #413, .T. ) ;
#475 = ORIENTED_EDGE ( 'NONE', *, *, #51, .F. ) ;
#476 = DIRECTION ( 'NONE',  ( -0.000000000000000000, -0.000000000000000000, -1.000000000000000000 ) ) ;
#477 = EDGE_LOOP ( 'NONE', ( #1512, #236 ) ) ;
#478 = CIRCLE ( 'NONE', #179, 259.0000000000003411 ) ;
#479 = FACE_BOUND ( 'NONE', #656, .T. ) ;
#480 = CARTESIAN_POINT ( 'NONE',  ( 958.8527643132684943, 742.0072279318222854, 0.000000000000000000 ) ) ;
#481 = CONICAL_SURFACE ( 'NONE', #46, 259.0000000000003411, 0.7853981633974037591 ) ;
#482 = EDGE_LOOP ( 'NONE', ( #410, #107 ) ) ;
#483 = ORIENTED_EDGE ( 'NONE', *, *, #274, .T. ) ;
#484 = VECTOR ( 'NONE', #830, 1000.000000000000114 ) ;
#485 = CARTESIAN_POINT ( 'NONE',  ( -2223.850237454108537, -1021.978917028491651, 8.000000000000000000 ) ) ;
#486 = FACE_OUTER_BOUND ( 'NONE', #183, .T. ) ;
#487 = FACE_OUTER_BOUND ( 'NONE', #77, .T. ) ;
#488 = ORIENTED_EDGE ( 'NONE', *, *, #294, .T. ) ;
#489 = DIRECTION ( 'NONE',  ( 0.000000000000000000, 0.000000000000000000, 1.000000000000000000 ) ) ;
#490 = VERTEX_POINT ( 'NONE', #533 ) ;
#491 = DIRECTION ( 'NONE',  ( -1.000000000000000000, 0.000000000000000000, 0.000000000000000000 ) ) ;
#492 = EDGE_CURVE ( 'NONE', #1226, #1533, #135, .T. ) ;
#493 = CARTESIAN_POINT ( 'NONE',  ( -2223.850237454108537, 1518.021082971507440, 8.000000000000000000 ) ) ;
#494 = EDGE_LOOP ( 'NONE', ( #1236, #1114 ) ) ;
#495 = DIRECTION ( 'NONE',  ( -0.000000000000000000, -0.000000000000000000, -1.000000000000000000 ) ) ;
#496 = DIRECTION ( 'NONE',  ( 1.000000000000000000, 0.000000000000000000, 0.000000000000000000 ) ) ;
#497 = EDGE_CURVE ( 'NONE', #58, #1226, #1155, .T. ) ;
#498 = DIRECTION ( 'NONE',  ( -1.000000000000000000, 0.000000000000000000, 0.000000000000000000 ) ) ;
#499 = CARTESIAN_POINT ( 'NONE',  ( 1273.106903992089201, 244.5718892425760203, 0.000000000000000000 ) ) ;
#500 = EDGE_CURVE ( 'NONE', #1110, #276, #1313, .T. ) ;
#501 = VECTOR ( 'NONE', #1249, 1000.000000000000000 ) ;
#502 = CARTESIAN_POINT ( 'NONE',  ( 1527.106903992089201, 244.5718892425760487, 8.000000000000000000 ) ) ;
#503 = FACE_OUTER_BOUND ( 'NONE', #733, .T. ) ;
#504 = FACE_OUTER_BOUND ( 'NONE', #79, .T. ) ;
#505 = DIRECTION ( 'NONE',  ( -0.000000000000000000, -0.000000000000000000, -1.000000000000000000 ) ) ;
#506 = CARTESIAN_POINT ( 'NONE',  ( 765.1069039920893147, -9.428110757423974420, 0.000000000000000000 ) ) ;
#507 = VECTOR ( 'NONE', #1547, 1000.000000000000000 ) ;
#508 = LINE ( 'NONE', #387, #1609 ) ;
#509 = PRODUCT_DEFINITION_FORMATION_WITH_SPECIFIED_SOURCE ( 'ไป', '', #1189, .NOT_KNOWN. ) ;
#510 = CARTESIAN_POINT ( 'NONE',  ( 2388.753317366998090, 366.6235166718605001, 0.000000000000000000 ) ) ;
#511 = DIRECTION ( 'NONE',  ( -0.000000000000000000, -0.000000000000000000, -1.000000000000000000 ) ) ;
#512 = DIRECTION ( 'NONE',  ( -0.000000000000000000, -0.000000000000000000, 1.000000000000000000 ) ) ;
#513 = ADVANCED_FACE ( 'NONE', ( #504 ), #891, .F. ) ;
#514 = EDGE_LOOP ( 'NONE', ( #95, #1307, #155, #242 ) ) ;
#515 = DIRECTION ( 'NONE',  ( -0.000000000000000000, -0.000000000000000000, -1.000000000000000000 ) ) ;
#516 = EDGE_CURVE ( 'NONE', #608, #1616, #665, .T. ) ;
#517 = CARTESIAN_POINT ( 'NONE',  ( -326.9041601857845194, 157.8448930801354493, 0.000000000000000000 ) ) ;
#518 = CARTESIAN_POINT ( 'NONE',  ( 958.8527643132684943, 742.0072279318222854, 8.000000000000000000 ) ) ;
#519 = AXIS2_PLACEMENT_3D ( 'NONE', #260, #1563, #1146 ) ;
#520 = CYLINDRICAL_SURFACE ( 'NONE', #123, 254.0000000000000000 ) ;
#521 = ORIENTED_EDGE ( 'NONE', *, *, #1501, .F. ) ;
#522 = ORIENTED_EDGE ( 'NONE', *, *, #149, .T. ) ;
#523 = CARTESIAN_POINT ( 'NONE',  ( 958.8527643132684943, 742.0072279318222854, 0.000000000000000000 ) ) ;
#524 = VECTOR ( 'NONE', #1018, 1000.000000000000000 ) ;
#525 = CARTESIAN_POINT ( 'NONE',  ( -2223.850237454108537, -1021.978917028491651, 8.000000000000000000 ) ) ;
#526 = DIRECTION ( 'NONE',  ( -1.000000000000000000, 0.000000000000000000, 0.000000000000000000 ) ) ;
#527 = DIRECTION ( 'NONE',  ( -0.000000000000000000, -0.000000000000000000, 1.000000000000000000 ) ) ;
#528 = VERTEX_POINT ( 'NONE', #659 ) ;
#529 = DIRECTION ( 'NONE',  ( 0.000000000000000000, -0.000000000000000000, -1.000000000000000000 ) ) ;
#530 = ORIENTED_EDGE ( 'NONE', *, *, #349, .F. ) ;
#531 = EDGE_LOOP ( 'NONE', ( #1233, #1570, #1655, #21 ) ) ;
#532 = EDGE_LOOP ( 'NONE', ( #918, #713, #1106, #1364 ) ) ;
#533 = CARTESIAN_POINT ( 'NONE',  ( 2856.149762545891463, 1518.021082971507440, 8.000000000000000000 ) ) ;
#534 = DIRECTION ( 'NONE',  ( -0.7071067811865160424, 0.000000000000000000, -0.7071067811865789920 ) ) ;
#535 = CARTESIAN_POINT ( 'NONE',  ( 1820.499177688177042, 864.0588553611066800, 5.000000000000781597 ) ) ;
#536 = ADVANCED_FACE ( 'NONE', ( #668 ), #1282, .F. ) ;
#537 = ORIENTED_EDGE ( 'NONE', *, *, #667, .F. ) ;
#538 = FACE_OUTER_BOUND ( 'NONE', #1177, .T. ) ;
#539 = CIRCLE ( 'NONE', #898, 254.0000000000000000 ) ;
#540 = ORIENTED_EDGE ( 'NONE', *, *, #1054, .F. ) ;
#541 = EDGE_CURVE ( 'NONE', #986, #1121, #160, .T. ) ;
#542 = CARTESIAN_POINT ( 'NONE',  ( 450.8527643132685512, 488.0072279318222854, 8.000000000000000000 ) ) ;
#543 = CARTESIAN_POINT ( 'NONE',  ( 191.8527643132682101, 488.0072279318222854, 0.000000000000000000 ) ) ;
#544 = EDGE_CURVE ( 'NONE', #1230, #1433, #1186, .T. ) ;
#545 = LINE ( 'NONE', #1162, #683 ) ;
#546 = AXIS2_PLACEMENT_3D ( 'NONE', #506, #1539, #916 ) ;
#547 = DIRECTION ( 'NONE',  ( 0.000000000000000000, -1.000000000000000000, 0.000000000000000000 ) ) ;
#548 = ORIENTED_EDGE ( 'NONE', *, *, #1020, .F. ) ;
#549 = DIRECTION ( 'NONE',  ( -1.000000000000000000, 0.000000000000000000, 0.000000000000000000 ) ) ;
#550 = CARTESIAN_POINT ( 'NONE',  ( 65.17720877023721471, -464.0221559124217379, 8.000000000000000000 ) ) ;
#551 = CARTESIAN_POINT ( 'NONE',  ( -188.8227912297627995, -464.0221559124217379, 5.000000000000170530 ) ) ;
#552 = ORIENTED_EDGE ( 'NONE', *, *, #1421, .T. ) ;
#553 = LINE ( 'NONE', #424, #132 ) ;
#554 = ORIENTED_EDGE ( 'NONE', *, *, #1597, .F. ) ;
#555 = EDGE_CURVE ( 'NONE', #219, #74, #1537, .T. ) ;
#556 = CARTESIAN_POINT ( 'NONE',  ( -1088.234689966840961, 595.7783977565959503, 0.000000000000000000 ) ) ;
#557 = CARTESIAN_POINT ( 'NONE',  ( 1524.554395698692588, 825.9776879352690457, 8.000000000000000000 ) ) ;
#558 = LINE ( 'NONE', #866, #185 ) ;
#559 = CARTESIAN_POINT ( 'NONE',  ( 65.17720877023721471, -464.0221559124217379, 0.000000000000000000 ) ) ;
#560 = CYLINDRICAL_SURFACE ( 'NONE', #168, 254.0000000000001137 ) ;
#561 = ORIENTED_EDGE ( 'NONE', *, *, #1647, .F. ) ;
#562 = EDGE_CURVE ( 'NONE', #363, #929, #914, .T. ) ;
#563 = DIRECTION ( 'NONE',  ( 0.7071067811865593411, 8.659560562355077072E-17, -0.7071067811865358044 ) ) ;
#564 = CARTESIAN_POINT ( 'NONE',  ( 1019.106903992089428, -9.428110757423942445, 8.000000000000000000 ) ) ;
#565 = ADVANCED_FACE ( 'NONE', ( #780 ), #969, .F. ) ;
#566 = ORIENTED_EDGE ( 'NONE', *, *, #1391, .F. ) ;
#567 = CIRCLE ( 'NONE', #1464, 253.9999999999999432 ) ;
#568 = DIRECTION ( 'NONE',  ( -1.000000000000000000, 0.000000000000000000, -0.000000000000000000 ) ) ;
#569 = EDGE_LOOP ( 'NONE', ( #881, #802 ) ) ;
#570 = CARTESIAN_POINT ( 'NONE',  ( 2074.499177688177042, 864.0588553611066800, 0.000000000000000000 ) ) ;
#571 = ORIENTED_EDGE ( 'NONE', *, *, #469, .T. ) ;
#572 = ADVANCED_FACE ( 'NONE', ( #1564 ), #1413, .F. ) ;
#573 = CARTESIAN_POINT ( 'NONE',  ( 2388.753317366998090, 366.6235166718605001, 5.000000000000781597 ) ) ;
#574 = CIRCLE ( 'NONE', #1392, 254.0000000000000000 ) ;
#575 = EDGE_LOOP ( 'NONE', ( #1527, #450, #521, #1632 ) ) ;
#576 = DIRECTION ( 'NONE',  ( -0.7071067811865160424, 0.000000000000000000, -0.7071067811865789920 ) ) ;
#577 = AXIS2_PLACEMENT_3D ( 'NONE', #1515, #130, #110 ) ;
#578 = APPLICATION_CONTEXT ( 'automotive_design' ) ;
#579 = ORIENTED_EDGE ( 'NONE', *, *, #598, .T. ) ;
#580 = CARTESIAN_POINT ( 'NONE',  ( 2856.149762545891463, -1021.978917028492560, 8.000000000000000000 ) ) ;
#581 = ORIENTED_EDGE ( 'NONE', *, *, #425, .T. ) ;
#582 = EDGE_LOOP ( 'NONE', ( #990, #540, #779, #595 ) ) ;
#583 = DIRECTION ( 'NONE',  ( 1.000000000000000000, 0.000000000000000000, 0.000000000000000000 ) ) ;
#584 = AXIS2_PLACEMENT_3D ( 'NONE', #517, #906, #158 ) ;
#585 = FACE_BOUND ( 'NONE', #745, .T. ) ;
#586 = ORIENTED_EDGE ( 'NONE', *, *, #353, .T. ) ;
#587 = CARTESIAN_POINT ( 'NONE',  ( 2097.808535377513635, 328.5423492460228658, 0.000000000000000000 ) ) ;
#588 = ADVANCED_FACE ( 'NONE', ( #634 ), #1536, .F. ) ;
#589 = VERTEX_POINT ( 'NONE', #1294 ) ;
#590 = VERTEX_POINT ( 'NONE', #1169 ) ;
#591 = CLOSED_SHELL ( 'NONE', ( #702, #726, #435, #1656, #1400, #245, #644, #513, #1504, #1624, #1310, #766, #1141, #1376, #1450, #536, #850, #165, #741, #1567, #146, #1346, #282, #1044, #661, #692, #895, #1088, #368, #250, #1545, #798, #1242, #106, #1098, #1158, #1029, #449, #572, #639, #752, #1252, #72, #588, #47, #1292, #1447, #854, #565, #718, #975, #1148, #1051, #843 ) ) ;
#592 = EDGE_LOOP ( 'NONE', ( #457, #50, #751, #1273 ) ) ;
#593 = DIRECTION ( 'NONE',  ( -0.000000000000000000, -0.000000000000000000, -1.000000000000000000 ) ) ;
#594 = AXIS2_PLACEMENT_3D ( 'NONE', #1160, #398, #1430 ) ;
#595 = ORIENTED_EDGE ( 'NONE', *, *, #1516, .F. ) ;
#596 = EDGE_CURVE ( 'NONE', #394, #490, #1423, .T. ) ;
#597 = FACE_BOUND ( 'NONE', #1099, .T. ) ;
#598 = EDGE_CURVE ( 'NONE', #133, #714, #1183, .T. ) ;
#599 = ORIENTED_EDGE ( 'NONE', *, *, #1672, .F. ) ;
#600 = CIRCLE ( 'NONE', #384, 259.0000000000004547 ) ;
#601 = DIRECTION ( 'NONE',  ( 1.000000000000000000, 0.000000000000000000, 0.000000000000000000 ) ) ;
#602 = AXIS2_PLACEMENT_3D ( 'NONE', #1338, #593, #81 ) ;
#603 = ORIENTED_EDGE ( 'NONE', *, *, #469, .F. ) ;
#604 = CIRCLE ( 'NONE', #1326, 254.0000000000000000 ) ;
#605 = VERTEX_POINT ( 'NONE', #340 ) ;
#606 = VECTOR ( 'NONE', #1311, 1000.000000000000000 ) ;
#607 = DIRECTION ( 'NONE',  ( 0.000000000000000000, 0.000000000000000000, 1.000000000000000000 ) ) ;
#608 = VERTEX_POINT ( 'NONE', #1243 ) ;
#609 = AXIS2_PLACEMENT_3D ( 'NONE', #1551, #359, #1028 ) ;
#610 = CARTESIAN_POINT ( 'NONE',  ( 196.8527643132685796, 488.0072279318222854, 8.000000000000000000 ) ) ;
#611 = CONICAL_SURFACE ( 'NONE', #105, 259.0000000000003411, 0.7853981633974037591 ) ;
#612 = EDGE_LOOP ( 'NONE', ( #721, #603 ) ) ;
#613 = VECTOR ( 'NONE', #1379, 1000.000000000000000 ) ;
#614 = DIRECTION ( 'NONE',  ( -1.000000000000000000, 0.000000000000000000, 0.000000000000000000 ) ) ;
#615 = EDGE_CURVE ( 'NONE', #318, #995, #400, .T. ) ;
#616 = ORIENTED_EDGE ( 'NONE', *, *, #1426, .T. ) ;
#617 = FACE_OUTER_BOUND ( 'NONE', #454, .T. ) ;
#618 = DIRECTION ( 'NONE',  ( 0.000000000000000000, 0.000000000000000000, 1.000000000000000000 ) ) ;
#619 = EDGE_CURVE ( 'NONE', #1241, #1300, #207, .T. ) ;
#620 = ORIENTED_EDGE ( 'NONE', *, *, #401, .F. ) ;
#621 = CARTESIAN_POINT ( 'NONE',  ( 1212.852764313268381, 742.0072279318222854, 8.000000000000000000 ) ) ;
#622 = CYLINDRICAL_SURFACE ( 'NONE', #209, 254.0000000000000000 ) ;
#623 = EDGE_CURVE ( 'NONE', #1356, #605, #1097, .T. ) ;
#624 = CARTESIAN_POINT ( 'NONE',  ( -1083.234689966840506, 595.7783977565959503, 5.000000000000781597 ) ) ;
#625 = CONICAL_SURFACE ( 'NONE', #983, 259.0000000000003411, 0.7853981633974037591 ) ;
#626 = CARTESIAN_POINT ( 'NONE',  ( -72.90416018578449098, 157.8448930801354777, 8.000000000000000000 ) ) ;
#627 = CONICAL_SURFACE ( 'NONE', #393, 259.0000000000003411, 0.7853981633974037591 ) ;
#628 = DIRECTION ( 'NONE',  ( 0.7071067811865240360, 8.659560562354646896E-17, -0.7071067811865711095 ) ) ;
#629 = LINE ( 'NONE', #889, #501 ) ;
#630 = CARTESIAN_POINT ( 'NONE',  ( 1838.808535377513408, 328.5423492460228090, 0.000000000000000000 ) ) ;
#631 = DIRECTION ( 'NONE',  ( -0.000000000000000000, -0.000000000000000000, -1.000000000000000000 ) ) ;
#632 = CARTESIAN_POINT ( 'NONE',  ( 2328.499177688177042, 864.0588553611066800, 5.000000000000781597 ) ) ;
#633 = DIRECTION ( 'NONE',  ( 1.000000000000000000, 0.000000000000000000, 0.000000000000000000 ) ) ;
#634 = FACE_OUTER_BOUND ( 'NONE', #582, .T. ) ;
#635 = LINE ( 'NONE', #247, #261 ) ;
#636 = AXIS2_PLACEMENT_3D ( 'NONE', #1569, #832, #1184 ) ;
#637 = EDGE_CURVE ( 'NONE', #700, #1476, #350, .T. ) ;
#638 = CARTESIAN_POINT ( 'NONE',  ( 2074.499177688177042, 864.0588553611066800, 5.000000000000781597 ) ) ;
#639 = ADVANCED_FACE ( 'NONE', ( #92 ), #447, .F. ) ;
#640 = ORIENTED_EDGE ( 'NONE', *, *, #124, .F. ) ;
#641 = CARTESIAN_POINT ( 'NONE',  ( 2856.149762545891463, 1518.021082971507440, 8.000000000000000000 ) ) ;
#642 = CARTESIAN_POINT ( 'NONE',  ( 1024.106903992089883, -9.428110757423942445, 0.000000000000000000 ) ) ;
#643 = DIRECTION ( 'NONE',  ( 0.000000000000000000, 0.000000000000000000, 1.000000000000000000 ) ) ;
#644 = ADVANCED_FACE ( 'NONE', ( #1080 ), #1336, .F. ) ;
#645 = CARTESIAN_POINT ( 'NONE',  ( 2388.753317366998090, 366.6235166718605001, 0.000000000000000000 ) ) ;
#646 = EDGE_CURVE ( 'NONE', #695, #218, #558, .T. ) ;
#647 = ORIENTED_EDGE ( 'NONE', *, *, #1199, .F. ) ;
#648 = CARTESIAN_POINT ( 'NONE',  ( 1584.808535377513181, 328.5423492460228090, 8.000000000000000000 ) ) ;
#649 = DIRECTION ( 'NONE',  ( -0.000000000000000000, 1.000000000000000000, -0.000000000000000000 ) ) ;
#650 = LINE ( 'NONE', #790, #1250 ) ;
#651 = CARTESIAN_POINT ( 'NONE',  ( 65.17720877023721471, -464.0221559124217379, 0.000000000000000000 ) ) ;
#652 = VERTEX_POINT ( 'NONE', #437 ) ;
#653 = DIRECTION ( 'NONE',  ( -1.000000000000000000, 0.000000000000000000, 0.000000000000000000 ) ) ;
#654 = CIRCLE ( 'NONE', #1094, 254.0000000000000000 ) ;
#655 = EDGE_LOOP ( 'NONE', ( #84, #1451, #1049, #1614 ) ) ;
#656 = EDGE_LOOP ( 'NONE', ( #483, #579 ) ) ;
#657 = ORIENTED_EDGE ( 'NONE', *, *, #619, .T. ) ;
#658 = VECTOR ( 'NONE', #534, 1000.000000000000114 ) ;
#659 = CARTESIAN_POINT ( 'NONE',  ( -1692.697268441087999, 638.6197309304922101, 8.000000000000000000 ) ) ;
#660 = DIRECTION ( 'NONE',  ( -1.000000000000000000, 0.000000000000000000, 0.000000000000000000 ) ) ;
#661 = ADVANCED_FACE ( 'NONE', ( #1482, #1361, #857, #838, #1227, #954, #1470, #326, #710, #190, #701, #1369, #196 ), #64, .F. ) ;
#662 = CARTESIAN_POINT ( 'NONE',  ( 450.8527643132685512, 488.0072279318222854, 0.000000000000000000 ) ) ;
#663 = EDGE_LOOP ( 'NONE', ( #1492, #65, #1173, #862 ) ) ;
#664 = CARTESIAN_POINT ( 'NONE',  ( 450.8527643132685512, 488.0072279318222854, 0.000000000000000000 ) ) ;
#665 = CIRCLE ( 'NONE', #28, 254.0000000000001137 ) ;
#666 = SHAPE_DEFINITION_REPRESENTATION ( #1598, #1270 ) ;
#667 = EDGE_CURVE ( 'NONE', #1433, #714, #1089, .T. ) ;
#668 = FACE_OUTER_BOUND ( 'NONE', #432, .T. ) ;
#669 = DIRECTION ( 'NONE',  ( -0.000000000000000000, -0.000000000000000000, -1.000000000000000000 ) ) ;
#670 = EDGE_CURVE ( 'NONE', #446, #318, #334, .T. ) ;
#671 = DIRECTION ( 'NONE',  ( -1.000000000000000000, 0.000000000000000000, 0.000000000000000000 ) ) ;
#672 = ORIENTED_EDGE ( 'NONE', *, *, #1399, .T. ) ;
#673 = CIRCLE ( 'NONE', #462, 259.0000000000003411 ) ;
#674 = DIRECTION ( 'NONE',  ( -0.000000000000000000, -0.000000000000000000, -1.000000000000000000 ) ) ;
#675 = VECTOR ( 'NONE', #563, 1000.000000000000114 ) ;
#676 = EDGE_LOOP ( 'NONE', ( #1365, #90 ) ) ;
#677 = AXIS2_PLACEMENT_3D ( 'NONE', #1194, #811, #1075 ) ;
#678 = AXIS2_PLACEMENT_3D ( 'NONE', #518, #643, #17 ) ;
#679 = LINE ( 'NONE', #943, #762 ) ;
#680 = FACE_OUTER_BOUND ( 'NONE', #1331, .T. ) ;
#681 = CIRCLE ( 'NONE', #1510, 259.0000000000003411 ) ;
#682 = CARTESIAN_POINT ( 'NONE',  ( -188.8227912297627995, -464.0221559124217379, 8.000000000000000000 ) ) ;
#683 = VECTOR ( 'NONE', #45, 1000.000000000000000 ) ;
#684 = CARTESIAN_POINT ( 'NONE',  ( -326.9041601857845194, 157.8448930801354493, 5.000000000000781597 ) ) ;
#685 = CARTESIAN_POINT ( 'NONE',  ( 511.1069039920892578, -9.428110757423974420, 5.000000000000670575 ) ) ;
#686 = VECTOR ( 'NONE', #1411, 1000.000000000000114 ) ;
#687 = VECTOR ( 'NONE', #807, 1000.000000000000114 ) ;
#688 = CARTESIAN_POINT ( 'NONE',  ( 765.1069039920893147, -9.428110757423974420, 0.000000000000000000 ) ) ;
#689 = CARTESIAN_POINT ( 'NONE',  ( -1088.234689966840961, 595.7783977565959503, 0.000000000000000000 ) ) ;
#690 = AXIS2_PLACEMENT_3D ( 'NONE', #987, #847, #964 ) ;
#691 = DIRECTION ( 'NONE',  ( -1.000000000000000000, 0.000000000000000000, 0.000000000000000000 ) ) ;
#692 = ADVANCED_FACE ( 'NONE', ( #1234, #83, #585, #215, #1105, #1626, #730, #597, #1115, #1640, #479, #1509, #390 ), #102, .T. ) ;
#693 = LINE ( 'NONE', #1297, #1541 ) ;
#694 = FACE_OUTER_BOUND ( 'NONE', #575, .T. ) ;
#695 = VERTEX_POINT ( 'NONE', #907 ) ;
#696 = EDGE_CURVE ( 'NONE', #1506, #1496, #884, .T. ) ;
#697 = LINE ( 'NONE', #322, #332 ) ;
#698 = DIRECTION ( 'NONE',  ( -1.000000000000000000, 0.000000000000000000, 0.000000000000000000 ) ) ;
#699 = ORIENTED_EDGE ( 'NONE', *, *, #176, .F. ) ;
#700 = VERTEX_POINT ( 'NONE', #1387 ) ;
#701 = FACE_BOUND ( 'NONE', #1182, .T. ) ;
#702 = ADVANCED_FACE ( 'NONE', ( #1140 ), #825, .F. ) ;
#703 = ORIENTED_EDGE ( 'NONE', *, *, #1, .F. ) ;
#704 = CARTESIAN_POINT ( 'NONE',  ( -2223.850237454108537, 1518.021082971507440, 8.000000000000000000 ) ) ;
#705 = ORIENTED_EDGE ( 'NONE', *, *, #1007, .T. ) ;
#706 = ORIENTED_EDGE ( 'NONE', *, *, #646, .T. ) ;
#707 = DIRECTION ( 'NONE',  ( -1.000000000000000000, 0.000000000000000000, 0.000000000000000000 ) ) ;
#708 = ORIENTED_EDGE ( 'NONE', *, *, #171, .T. ) ;
#709 = CIRCLE ( 'NONE', #1084, 253.9999999999999432 ) ;
#710 = FACE_BOUND ( 'NONE', #846, .T. ) ;
#711 = ORIENTED_EDGE ( 'NONE', *, *, #1267, .T. ) ;
#712 = CYLINDRICAL_SURFACE ( 'NONE', #174, 254.0000000000000000 ) ;
#713 = ORIENTED_EDGE ( 'NONE', *, *, #193, .F. ) ;
#714 = VERTEX_POINT ( 'NONE', #234 ) ;
#715 = FACE_OUTER_BOUND ( 'NONE', #328, .T. ) ;
#716 = AXIS2_PLACEMENT_3D ( 'NONE', #1544, #1032, #904 ) ;
#717 = EDGE_LOOP ( 'NONE', ( #554, #1015 ) ) ;
#718 = ADVANCED_FACE ( 'NONE', ( #255 ), #1046, .F. ) ;
#719 = CARTESIAN_POINT ( 'NONE',  ( 704.8527643132684943, 488.0072279318223423, 8.000000000000000000 ) ) ;
#720 = CIRCLE ( 'NONE', #385, 254.0000000000000000 ) ;
#721 = ORIENTED_EDGE ( 'NONE', *, *, #1443, .F. ) ;
#722 = DIRECTION ( 'NONE',  ( -0.000000000000000000, -0.000000000000000000, -1.000000000000000000 ) ) ;
#723 = ORIENTED_EDGE ( 'NONE', *, *, #500, .T. ) ;
#724 = ORIENTED_EDGE ( 'NONE', *, *, #1212, .F. ) ;
#725 = ORIENTED_EDGE ( 'NONE', *, *, #949, .F. ) ;
#726 = ADVANCED_FACE ( 'NONE', ( #486 ), #611, .F. ) ;
#727 = CARTESIAN_POINT ( 'NONE',  ( 65.17720877023721471, -464.0221559124217379, 5.000000000000170530 ) ) ;
#728 = ORIENTED_EDGE ( 'NONE', *, *, #949, .T. ) ;
#729 = AXIS2_PLACEMENT_3D ( 'NONE', #26, #1674, #775 ) ;
#730 = FACE_BOUND ( 'NONE', #440, .T. ) ;
#731 = ORIENTED_EDGE ( 'NONE', *, *, #945, .T. ) ;
#732 = EDGE_LOOP ( 'NONE', ( #833, #343, #522, #736 ) ) ;
#733 = EDGE_LOOP ( 'NONE', ( #197, #1375, #1503, #699 ) ) ;
#734 = MECHANICAL_DESIGN_GEOMETRIC_PRESENTATION_REPRESENTATION (  '', ( #1407 ), #300 ) ;
#735 = CARTESIAN_POINT ( 'NONE',  ( 2388.753317366998090, 366.6235166718605001, 8.000000000000000000 ) ) ;
#736 = ORIENTED_EDGE ( 'NONE', *, *, #794, .F. ) ;
#737 = DIRECTION ( 'NONE',  ( -0.000000000000000000, -0.000000000000000000, -1.000000000000000000 ) ) ;
#738 = AXIS2_PLACEMENT_3D ( 'NONE', #1596, #985, #698 ) ;
#739 = ORIENTED_EDGE ( 'NONE', *, *, #103, .T. ) ;
#740 = VERTEX_POINT ( 'NONE', #610 ) ;
#741 = ADVANCED_FACE ( 'NONE', ( #1523 ), #1414, .F. ) ;
#742 = CIRCLE ( 'NONE', #818, 254.0000000000000000 ) ;
#743 = EDGE_LOOP ( 'NONE', ( #1339, #1131, #459, #11 ) ) ;
#744 = DIRECTION ( 'NONE',  ( -1.000000000000000000, 0.000000000000000000, 0.000000000000000000 ) ) ;
#745 = EDGE_LOOP ( 'NONE', ( #1056, #403 ) ) ;
#746 = CIRCLE ( 'NONE', #75, 254.0000000000001137 ) ;
#747 = DIRECTION ( 'NONE',  ( -0.000000000000000000, -0.000000000000000000, -1.000000000000000000 ) ) ;
#748 = AXIS2_PLACEMENT_3D ( 'NONE', #769, #737, #1657 ) ;
#749 = CARTESIAN_POINT ( 'NONE',  ( 1778.554395698692588, 825.9776879352690457, 4.999999999999448441 ) ) ;
#750 = EDGE_CURVE ( 'NONE', #1562, #700, #635, .T. ) ;
#751 = ORIENTED_EDGE ( 'NONE', *, *, #1334, .F. ) ;
#752 = ADVANCED_FACE ( 'NONE', ( #756 ), #1008, .F. ) ;
#753 = ORIENTED_EDGE ( 'NONE', *, *, #1574, .F. ) ;
#754 = DIRECTION ( 'NONE',  ( -0.000000000000000000, -0.000000000000000000, -1.000000000000000000 ) ) ;
#755 = DIRECTION ( 'NONE',  ( -1.000000000000000000, 0.000000000000000000, 0.000000000000000000 ) ) ;
#756 = FACE_OUTER_BOUND ( 'NONE', #1620, .T. ) ;
#757 = CARTESIAN_POINT ( 'NONE',  ( 319.1772087702372005, -464.0221559124216810, 5.000000000000170530 ) ) ;
#758 = EDGE_LOOP ( 'NONE', ( #157, #1120 ) ) ;
#759 = CARTESIAN_POINT ( 'NONE',  ( 699.8527643132681533, 742.0072279318222854, 0.000000000000000000 ) ) ;
#760 = DIRECTION ( 'NONE',  ( -1.000000000000000000, 0.000000000000000000, 0.000000000000000000 ) ) ;
#761 = DIRECTION ( 'NONE',  ( -1.000000000000000000, 0.000000000000000000, 0.000000000000000000 ) ) ;
#762 = VECTOR ( 'NONE', #1070, 1000.000000000000000 ) ;
#763 = DIRECTION ( 'NONE',  ( -1.000000000000000000, 0.000000000000000000, 0.000000000000000000 ) ) ;
#764 = DIRECTION ( 'NONE',  ( -1.000000000000000000, 0.000000000000000000, 0.000000000000000000 ) ) ;
#765 = CYLINDRICAL_SURFACE ( 'NONE', #716, 254.0000000000000000 ) ;
#766 = ADVANCED_FACE ( 'NONE', ( #617 ), #481, .F. ) ;
#767 = AXIS2_PLACEMENT_3D ( 'NONE', #1061, #281, #1432 ) ;
#768 = DIRECTION ( 'NONE',  ( 1.000000000000000000, 0.000000000000000000, 0.000000000000000000 ) ) ;
#769 = CARTESIAN_POINT ( 'NONE',  ( 1524.554395698692588, 825.9776879352690457, 0.000000000000000000 ) ) ;
#770 = EDGE_CURVE ( 'NONE', #1299, #1496, #1530, .T. ) ;
#771 = CARTESIAN_POINT ( 'NONE',  ( -1438.697268441087999, 638.6197309304922101, 0.000000000000000000 ) ) ;
#772 = VERTEX_POINT ( 'NONE', #624 ) ;
#773 = DIRECTION ( 'NONE',  ( -0.000000000000000000, -1.000000000000000000, -0.000000000000000000 ) ) ;
#774 = EDGE_CURVE ( 'NONE', #1586, #772, #369, .T. ) ;
#775 = DIRECTION ( 'NONE',  ( -1.000000000000000000, 0.000000000000000000, 0.000000000000000000 ) ) ;
#776 = DIRECTION ( 'NONE',  ( -0.000000000000000000, -0.000000000000000000, -1.000000000000000000 ) ) ;
#777 = AXIS2_PLACEMENT_3D ( 'NONE', #927, #1474, #948 ) ;
#778 = CARTESIAN_POINT ( 'NONE',  ( 450.8527643132685512, 488.0072279318222854, 0.000000000000000000 ) ) ;
#779 = ORIENTED_EDGE ( 'NONE', *, *, #623, .T. ) ;
#780 = FACE_OUTER_BOUND ( 'NONE', #404, .T. ) ;
#781 = FACE_OUTER_BOUND ( 'NONE', #206, .T. ) ;
#782 = CARTESIAN_POINT ( 'NONE',  ( -580.9041601857844626, 157.8448930801354493, 5.000000000000781597 ) ) ;
#783 =( NAMED_UNIT ( * ) PLANE_ANGLE_UNIT ( ) SI_UNIT ( $, .RADIAN. ) );
#784 = ORIENTED_EDGE ( 'NONE', *, *, #320, .T. ) ;
#785 = ORIENTED_EDGE ( 'NONE', *, *, #301, .F. ) ;
#786 = EDGE_LOOP ( 'NONE', ( #352, #1137, #1126, #1518 ) ) ;
#787 = EDGE_CURVE ( 'NONE', #87, #69, #998, .T. ) ;
#788 = AXIS2_PLACEMENT_3D ( 'NONE', #399, #915, #434 ) ;
#789 = CARTESIAN_POINT ( 'NONE',  ( -2223.850237454108537, -1021.978917028491651, 8.000000000000000000 ) ) ;
#790 = CARTESIAN_POINT ( 'NONE',  ( 1265.554395698693725, 825.9776879352690457, 0.000000000000000000 ) ) ;
#791 = DIRECTION ( 'NONE',  ( -1.000000000000000000, 0.000000000000000000, 0.000000000000000000 ) ) ;
#792 = DIRECTION ( 'NONE',  ( -0.000000000000000000, -0.000000000000000000, -1.000000000000000000 ) ) ;
#793 = LINE ( 'NONE', #49, #266 ) ;
#794 = EDGE_CURVE ( 'NONE', #1145, #590, #1025, .T. ) ;
#795 = AXIS2_PLACEMENT_3D ( 'NONE', #1154, #1147, #1266 ) ;
#796 = ORIENTED_EDGE ( 'NONE', *, *, #1221, .F. ) ;
#797 = AXIS2_PLACEMENT_3D ( 'NONE', #408, #1302, #660 ) ;
#798 = ADVANCED_FACE ( 'NONE', ( #1548 ), #897, .F. ) ;
#799 = CARTESIAN_POINT ( 'NONE',  ( 2856.149762545891463, 1518.021082971507440, 0.000000000000000000 ) ) ;
#800 = CARTESIAN_POINT ( 'NONE',  ( 506.1069039920890305, -9.428110757423974420, 0.000000000000000000 ) ) ;
#801 = LINE ( 'NONE', #181, #606 ) ;
#802 = ORIENTED_EDGE ( 'NONE', *, *, #202, .T. ) ;
#803 = DIRECTION ( 'NONE',  ( -0.000000000000000000, -0.000000000000000000, 1.000000000000000000 ) ) ;
#804 = ORIENTED_EDGE ( 'NONE', *, *, #1246, .T. ) ;
#805 = VECTOR ( 'NONE', #649, 1000.000000000000000 ) ;
#806 = DIRECTION ( 'NONE',  ( -1.000000000000000000, 0.000000000000000000, 0.000000000000000000 ) ) ;
#807 = DIRECTION ( 'NONE',  ( 0.7071067811865160424, 8.659560562354547056E-17, -0.7071067811865789920 ) ) ;
#808 = CARTESIAN_POINT ( 'NONE',  ( -326.9041601857845194, 157.8448930801354493, 0.000000000000000000 ) ) ;
#809 = PRESENTATION_STYLE_ASSIGNMENT (( #39 ) ) ;
#810 = VECTOR ( 'NONE', #1062, 1000.000000000000000 ) ;
#811 = DIRECTION ( 'NONE',  ( -0.000000000000000000, -0.000000000000000000, -1.000000000000000000 ) ) ;
#812 = CIRCLE ( 'NONE', #1602, 254.0000000000000000 ) ;
#813 = EDGE_CURVE ( 'NONE', #1166, #333, #373, .T. ) ;
#814 = LINE ( 'NONE', #556, #164 ) ;
#815 = DIRECTION ( 'NONE',  ( -1.000000000000000000, 0.000000000000000000, 0.000000000000000000 ) ) ;
#816 = CONICAL_SURFACE ( 'NONE', #308, 259.0000000000003411, 0.7853981633974037591 ) ;
#817 = CYLINDRICAL_SURFACE ( 'NONE', #932, 254.0000000000000000 ) ;
#818 = AXIS2_PLACEMENT_3D ( 'NONE', #1191, #38, #1031 ) ;
#819 = EDGE_CURVE ( 'NONE', #1562, #1124, #153, .T. ) ;
#820 = VERTEX_POINT ( 'NONE', #1582 ) ;
#821 = LINE ( 'NONE', #1333, #1634 ) ;
#822 = ORIENTED_EDGE ( 'NONE', *, *, #442, .F. ) ;
#823 = AXIS2_PLACEMENT_3D ( 'NONE', #1662, #607, #496 ) ;
#824 = EDGE_CURVE ( 'NONE', #986, #1499, #1589, .T. ) ;
#825 = CONICAL_SURFACE ( 'NONE', #748, 258.9999999999990337, 0.7853981633974039811 ) ;
#826 = CARTESIAN_POINT ( 'NONE',  ( -193.8227912297631406, -464.0221559124217379, 0.000000000000000000 ) ) ;
#827 = DIRECTION ( 'NONE',  ( -0.000000000000000000, -0.000000000000000000, -1.000000000000000000 ) ) ;
#828 = ORIENTED_EDGE ( 'NONE', *, *, #1221, .T. ) ;
#829 = VECTOR ( 'NONE', #576, 1000.000000000000114 ) ;
#830 = DIRECTION ( 'NONE',  ( -0.7071067811865160424, 0.000000000000000000, -0.7071067811865789920 ) ) ;
#831 = VERTEX_POINT ( 'NONE', #543 ) ;
#832 = DIRECTION ( 'NONE',  ( -0.000000000000000000, -0.000000000000000000, -1.000000000000000000 ) ) ;
#833 = ORIENTED_EDGE ( 'NONE', *, *, #227, .T. ) ;
#834 = ORIENTED_EDGE ( 'NONE', *, *, #124, .T. ) ;
#835 = DIRECTION ( 'NONE',  ( -1.000000000000000000, 0.000000000000000000, 0.000000000000000000 ) ) ;
#836 = CYLINDRICAL_SURFACE ( 'NONE', #876, 253.9999999999999432 ) ;
#837 = ORIENTED_EDGE ( 'NONE', *, *, #1627, .T. ) ;
#838 = FACE_BOUND ( 'NONE', #195, .T. ) ;
#839 = ORIENTED_EDGE ( 'NONE', *, *, #224, .F. ) ;
#840 = DIRECTION ( 'NONE',  ( 1.000000000000000000, -1.748382715945128756E-16, -0.000000000000000000 ) ) ;
#841 = ORIENTED_EDGE ( 'NONE', *, *, #425, .F. ) ;
#842 = CIRCLE ( 'NONE', #35, 254.0000000000000000 ) ;
#843 = ADVANCED_FACE ( 'NONE', ( #167 ), #1231, .F. ) ;
#844 = VERTEX_POINT ( 'NONE', #7 ) ;
#845 = DIRECTION ( 'NONE',  ( -0.000000000000000000, -0.000000000000000000, -1.000000000000000000 ) ) ;
#846 = EDGE_LOOP ( 'NONE', ( #201, #1383 ) ) ;
#847 = DIRECTION ( 'NONE',  ( -0.000000000000000000, -0.000000000000000000, -1.000000000000000000 ) ) ;
#848 = EDGE_LOOP ( 'NONE', ( #1390, #980, #1608, #275 ) ) ;
#849 = CARTESIAN_POINT ( 'NONE',  ( 65.17720877023721471, -464.0221559124217379, 8.000000000000000000 ) ) ;
#850 = ADVANCED_FACE ( 'NONE', ( #27 ), #159, .F. ) ;
#851 = AXIS2_PLACEMENT_3D ( 'NONE', #1566, #946, #1461 ) ;
#852 = ORIENTED_EDGE ( 'NONE', *, *, #1597, .T. ) ;
#853 = ORIENTED_EDGE ( 'NONE', *, *, #1421, .F. ) ;
#854 = ADVANCED_FACE ( 'NONE', ( #680 ), #1669, .F. ) ;
#855 = DIRECTION ( 'NONE',  ( -0.000000000000000000, -0.000000000000000000, -1.000000000000000000 ) ) ;
#856 = ORIENTED_EDGE ( 'NONE', *, *, #1073, .F. ) ;
#857 = FACE_BOUND ( 'NONE', #758, .T. ) ;
#858 = ORIENTED_EDGE ( 'NONE', *, *, #667, .T. ) ;
#859 = CARTESIAN_POINT ( 'NONE',  ( 1524.554395698692588, 825.9776879352690457, 8.000000000000000000 ) ) ;
#860 = VERTEX_POINT ( 'NONE', #800 ) ;
#861 = ORIENTED_EDGE ( 'NONE', *, *, #1069, .F. ) ;
#862 = ORIENTED_EDGE ( 'NONE', *, *, #1525, .F. ) ;
#863 = ORIENTED_EDGE ( 'NONE', *, *, #696, .T. ) ;
#864 = DIRECTION ( 'NONE',  ( -0.000000000000000000, -0.000000000000000000, 1.000000000000000000 ) ) ;
#865 = ORIENTED_EDGE ( 'NONE', *, *, #1122, .T. ) ;
#866 = CARTESIAN_POINT ( 'NONE',  ( 704.8527643132684943, 742.0072279318222854, 8.000000000000000000 ) ) ;
#867 = EDGE_CURVE ( 'NONE', #69, #87, #1611, .T. ) ;
#868 = ORIENTED_EDGE ( 'NONE', *, *, #1192, .F. ) ;
#869 = VECTOR ( 'NONE', #495, 1000.000000000000000 ) ;
#870 = EDGE_LOOP ( 'NONE', ( #1316, #911, #1642, #976 ) ) ;
#871 = ORIENTED_EDGE ( 'NONE', *, *, #696, .F. ) ;
#872 = CARTESIAN_POINT ( 'NONE',  ( 2642.753317366998090, 366.6235166718605569, 8.000000000000000000 ) ) ;
#873 = VERTEX_POINT ( 'NONE', #1053 ) ;
#874 = EDGE_CURVE ( 'NONE', #590, #652, #1437, .T. ) ;
#875 = DIRECTION ( 'NONE',  ( -0.000000000000000000, -0.000000000000000000, -1.000000000000000000 ) ) ;
#876 = AXIS2_PLACEMENT_3D ( 'NONE', #70, #1096, #331 ) ;
#877 = CYLINDRICAL_SURFACE ( 'NONE', #473, 254.0000000000002274 ) ;
#878 = EDGE_CURVE ( 'NONE', #216, #986, #1170, .T. ) ;
#879 = ORIENTED_EDGE ( 'NONE', *, *, #406, .F. ) ;
#880 = AXIS2_PLACEMENT_3D ( 'NONE', #1330, #1181, #940 ) ;
#881 = ORIENTED_EDGE ( 'NONE', *, *, #1334, .T. ) ;
#882 = DIRECTION ( 'NONE',  ( -0.000000000000000000, -0.000000000000000000, -1.000000000000000000 ) ) ;
#883 = AXIS2_PLACEMENT_3D ( 'NONE', #1010, #378, #760 ) ;
#884 = LINE ( 'NONE', #1012, #1558 ) ;
#885 = PRODUCT_DEFINITION ( 'ๆ', '', #509, #220 ) ;
#886 = AXIS2_PLACEMENT_3D ( 'NONE', #1670, #1150, #239 ) ;
#887 = DIRECTION ( 'NONE',  ( -1.000000000000000000, 0.000000000000000000, 0.000000000000000000 ) ) ;
#888 = ORIENTED_EDGE ( 'NONE', *, *, #1073, .T. ) ;
#889 = CARTESIAN_POINT ( 'NONE',  ( 511.1069039920892578, -9.428110757423974420, 8.000000000000000000 ) ) ;
#890 = CARTESIAN_POINT ( 'NONE',  ( 1270.554395698692588, 825.9776879352690457, 8.000000000000000000 ) ) ;
#891 = CONICAL_SURFACE ( 'NONE', #584, 259.0000000000003411, 0.7853981633974037591 ) ;
#892 = DIRECTION ( 'NONE',  ( -0.000000000000000000, -0.000000000000000000, -1.000000000000000000 ) ) ;
#893 =( NAMED_UNIT ( * ) PLANE_ANGLE_UNIT ( ) SI_UNIT ( $, .RADIAN. ) );
#894 = CARTESIAN_POINT ( 'NONE',  ( 2647.753317366998090, 366.6235166718605569, 0.000000000000000000 ) ) ;
#895 = ADVANCED_FACE ( 'NONE', ( #37 ), #939, .F. ) ;
#896 = CARTESIAN_POINT ( 'NONE',  ( 450.8527643132685512, 488.0072279318222854, 0.000000000000000000 ) ) ;
#897 = CYLINDRICAL_SURFACE ( 'NONE', #910, 254.0000000000001137 ) ;
#898 = AXIS2_PLACEMENT_3D ( 'NONE', #53, #36, #292 ) ;
#899 = CARTESIAN_POINT ( 'NONE',  ( -1438.697268441087999, 638.6197309304922101, 0.000000000000000000 ) ) ;
#900 = CIRCLE ( 'NONE', #34, 254.0000000000000000 ) ;
#901 = VECTOR ( 'NONE', #1573, 1000.000000000000114 ) ;
#902 = EDGE_CURVE ( 'NONE', #218, #1612, #1071, .T. ) ;
#903 = FACE_OUTER_BOUND ( 'NONE', #870, .T. ) ;
#904 = DIRECTION ( 'NONE',  ( -1.000000000000000000, 0.000000000000000000, 0.000000000000000000 ) ) ;
#905 = AXIS2_PLACEMENT_3D ( 'NONE', #154, #1321, #9 ) ;
#906 = DIRECTION ( 'NONE',  ( -0.000000000000000000, -0.000000000000000000, -1.000000000000000000 ) ) ;
#907 = CARTESIAN_POINT ( 'NONE',  ( 704.8527643132684943, 742.0072279318222854, 8.000000000000000000 ) ) ;
#908 = AXIS2_PLACEMENT_3D ( 'NONE', #1142, #366, #1665 ) ;
#909 = LINE ( 'NONE', #1427, #441 ) ;
#910 = AXIS2_PLACEMENT_3D ( 'NONE', #1253, #1649, #1531 ) ;
#911 = ORIENTED_EDGE ( 'NONE', *, *, #670, .T. ) ;
#912 = AXIS2_PLACEMENT_3D ( 'NONE', #56, #316, #691 ) ;
#913 = DIRECTION ( 'NONE',  ( -1.000000000000000000, 0.000000000000000000, 0.000000000000000000 ) ) ;
#914 = LINE ( 'NONE', #642, #295 ) ;
#915 = DIRECTION ( 'NONE',  ( -0.000000000000000000, -0.000000000000000000, -1.000000000000000000 ) ) ;
#916 = DIRECTION ( 'NONE',  ( -1.000000000000000000, 0.000000000000000000, 0.000000000000000000 ) ) ;
#917 = EDGE_CURVE ( 'NONE', #1230, #361, #720, .T. ) ;
#918 = ORIENTED_EDGE ( 'NONE', *, *, #1069, .T. ) ;
#919 = EDGE_LOOP ( 'NONE', ( #856, #1600, #1343, #297 ) ) ;
#920 = EDGE_LOOP ( 'NONE', ( #1265, #1658, #728, #321 ) ) ;
#921 = APPLICATION_PROTOCOL_DEFINITION ( 'draft international standard', 'automotive_design', 1998, #578 ) ;
#922 = DIRECTION ( 'NONE',  ( 0.7071067811865160424, 8.659560562354547056E-17, -0.7071067811865789920 ) ) ;
#923 = DIRECTION ( 'NONE',  ( -0.000000000000000000, -0.000000000000000000, -1.000000000000000000 ) ) ;
#924 = EDGE_CURVE ( 'NONE', #341, #1367, #422, .T. ) ;
#925 = DIRECTION ( 'NONE',  ( -0.000000000000000000, -0.000000000000000000, 1.000000000000000000 ) ) ;
#926 = ORIENTED_EDGE ( 'NONE', *, *, #874, .F. ) ;
#927 = CARTESIAN_POINT ( 'NONE',  ( -1438.697268441087999, 638.6197309304922101, 0.000000000000000000 ) ) ;
#928 = EDGE_CURVE ( 'NONE', #589, #695, #169, .T. ) ;
#929 = VERTEX_POINT ( 'NONE', #270 ) ;
#930 = AXIS2_PLACEMENT_3D ( 'NONE', #735, #476, #1023 ) ;
#931 = CARTESIAN_POINT ( 'NONE',  ( 1820.499177688177042, 864.0588553611066800, 8.000000000000000000 ) ) ;
#932 = AXIS2_PLACEMENT_3D ( 'NONE', #296, #1575, #791 ) ;
#933 = CARTESIAN_POINT ( 'NONE',  ( 2074.499177688177042, 864.0588553611066800, 5.000000000000781597 ) ) ;
#934 = DIRECTION ( 'NONE',  ( -0.000000000000000000, -0.000000000000000000, -1.000000000000000000 ) ) ;
#935 = ORIENTED_EDGE ( 'NONE', *, *, #1290, .F. ) ;
#936 = PLANE ( 'NONE',  #1003 ) ;
#937 = CONICAL_SURFACE ( 'NONE', #1171, 259.0000000000003411, 0.7853981633974037591 ) ;
#938 = DIRECTION ( 'NONE',  ( -0.000000000000000000, -0.000000000000000000, 1.000000000000000000 ) ) ;
#939 = PLANE ( 'NONE',  #182 ) ;
#940 = DIRECTION ( 'NONE',  ( 1.000000000000000000, 0.000000000000000000, 0.000000000000000000 ) ) ;
#941 = CARTESIAN_POINT ( 'NONE',  ( 1212.852764313268381, 742.0072279318222854, 5.000000000000781597 ) ) ;
#942 = EDGE_CURVE ( 'NONE', #333, #873, #650, .T. ) ;
#943 = CARTESIAN_POINT ( 'NONE',  ( 1783.554395698691678, 825.9776879352690457, 0.000000000000000000 ) ) ;
#944 = DIRECTION ( 'NONE',  ( -0.000000000000000000, -0.000000000000000000, -1.000000000000000000 ) ) ;
#945 = EDGE_CURVE ( 'NONE', #1648, #1506, #812, .T. ) ;
#946 = DIRECTION ( 'NONE',  ( -0.000000000000000000, -0.000000000000000000, 1.000000000000000000 ) ) ;
#947 = CARTESIAN_POINT ( 'NONE',  ( 2328.499177688177042, 864.0588553611066800, 8.000000000000000000 ) ) ;
#948 = DIRECTION ( 'NONE',  ( -1.000000000000000000, 0.000000000000000000, 0.000000000000000000 ) ) ;
#949 = EDGE_CURVE ( 'NONE', #1631, #1433, #97, .T. ) ;
#950 = ORIENTED_EDGE ( 'NONE', *, *, #327, .T. ) ;
#951 = LINE ( 'NONE', #1581, #675 ) ;
#952 = CARTESIAN_POINT ( 'NONE',  ( 2856.149762545891463, -1021.978917028492560, 8.000000000000000000 ) ) ;
#953 = ORIENTED_EDGE ( 'NONE', *, *, #202, .F. ) ;
#954 = FACE_BOUND ( 'NONE', #312, .T. ) ;
#955 = CIRCLE ( 'NONE', #767, 254.0000000000000000 ) ;
#956 = ORIENTED_EDGE ( 'NONE', *, *, #1653, .F. ) ;
#957 = DIRECTION ( 'NONE',  ( -0.000000000000000000, -0.000000000000000000, 1.000000000000000000 ) ) ;
#958 = ORIENTED_EDGE ( 'NONE', *, *, #1318, .F. ) ;
#959 = AXIS2_PLACEMENT_3D ( 'NONE', #240, #618, #137 ) ;
#960 = AXIS2_PLACEMENT_3D ( 'NONE', #1538, #380, #1161 ) ;
#961 = DIRECTION ( 'NONE',  ( 0.000000000000000000, 0.000000000000000000, 1.000000000000000000 ) ) ;
#962 = PLANE ( 'NONE',  #142 ) ;
#963 = ORIENTED_EDGE ( 'NONE', *, *, #867, .F. ) ;
#964 = DIRECTION ( 'NONE',  ( -1.000000000000000000, 0.000000000000000000, 0.000000000000000000 ) ) ;
#965 = ORIENTED_EDGE ( 'NONE', *, *, #516, .F. ) ;
#966 = LINE ( 'NONE', #580, #1165 ) ;
#967 = EDGE_CURVE ( 'NONE', #1637, #1356, #136, .T. ) ;
#968 = ORIENTED_EDGE ( 'NONE', *, *, #401, .T. ) ;
#969 = CONICAL_SURFACE ( 'NONE', #241, 259.0000000000003411, 0.7853981633974650434 ) ;
#970 = ORIENTED_EDGE ( 'NONE', *, *, #1026, .F. ) ;
#971 = CARTESIAN_POINT ( 'NONE',  ( -193.8227912297631406, -464.0221559124217379, 0.000000000000000000 ) ) ;
#972 = ORIENTED_EDGE ( 'NONE', *, *, #274, .F. ) ;
#973 = CARTESIAN_POINT ( 'NONE',  ( 0.000000000000000000, 0.000000000000000000, 8.000000000000000000 ) ) ;
#974 = AXIS2_PLACEMENT_3D ( 'NONE', #523, #515, #764 ) ;
#975 = ADVANCED_FACE ( 'NONE', ( #781 ), #1325, .F. ) ;
#976 = ORIENTED_EDGE ( 'NONE', *, *, #25, .F. ) ;
#977 = DIRECTION ( 'NONE',  ( -1.000000000000000000, 0.000000000000000000, 0.000000000000000000 ) ) ;
#978 = CIRCLE ( 'NONE', #1401, 254.0000000000000000 ) ;
#979 = COLOUR_RGB ( '',0.7921568627450980005, 0.8196078431372548767, 0.9333333333333333481 ) ;
#980 = ORIENTED_EDGE ( 'NONE', *, *, #1144, .T. ) ;
#981 = ORIENTED_EDGE ( 'NONE', *, *, #397, .F. ) ;
#982 = EDGE_CURVE ( 'NONE', #995, #831, #1358, .T. ) ;
#983 = AXIS2_PLACEMENT_3D ( 'NONE', #433, #1064, #806 ) ;
#984 = ORIENTED_EDGE ( 'NONE', *, *, #1391, .T. ) ;
#985 = DIRECTION ( 'NONE',  ( -0.000000000000000000, -0.000000000000000000, 1.000000000000000000 ) ) ;
#986 = VERTEX_POINT ( 'NONE', #1206 ) ;
#987 = CARTESIAN_POINT ( 'NONE',  ( 1273.106903992089201, 244.5718892425760203, 8.000000000000000000 ) ) ;
#988 = ORIENTED_EDGE ( 'NONE', *, *, #824, .F. ) ;
#989 = DIRECTION ( 'NONE',  ( -1.000000000000000000, 0.000000000000000000, 0.000000000000000000 ) ) ;
#990 = ORIENTED_EDGE ( 'NONE', *, *, #1246, .F. ) ;
#991 = CIRCLE ( 'NONE', #101, 254.0000000000000000 ) ;
#992 = ORIENTED_EDGE ( 'NONE', *, *, #25, .T. ) ;
#993 = ORIENTED_EDGE ( 'NONE', *, *, #492, .F. ) ;
#994 = CIRCLE ( 'NONE', #1473, 254.0000000000001137 ) ;
#995 = VERTEX_POINT ( 'NONE', #1495 ) ;
#996 = CARTESIAN_POINT ( 'NONE',  ( 1019.106903992089201, 244.5718892425760203, 8.000000000000000000 ) ) ;
#997 = ORIENTED_EDGE ( 'NONE', *, *, #1501, .T. ) ;
#998 = CIRCLE ( 'NONE', #1335, 259.0000000000003411 ) ;
#999 = DIRECTION ( 'NONE',  ( -0.000000000000000000, -0.000000000000000000, -1.000000000000000000 ) ) ;
#1000 = FACE_OUTER_BOUND ( 'NONE', #1101, .T. ) ;
#1001 = ORIENTED_EDGE ( 'NONE', *, *, #902, .F. ) ;
#1002 = VERTEX_POINT ( 'NONE', #1613 ) ;
#1003 = AXIS2_PLACEMENT_3D ( 'NONE', #1063, #547, #529 ) ;
#1004 = EDGE_CURVE ( 'NONE', #1121, #844, #62, .T. ) ;
#1005 = DIRECTION ( 'NONE',  ( 0.000000000000000000, 0.000000000000000000, 1.000000000000000000 ) ) ;
#1006 = ORIENTED_EDGE ( 'NONE', *, *, #301, .T. ) ;
#1007 = EDGE_CURVE ( 'NONE', #995, #318, #567, .T. ) ;
#1008 = CYLINDRICAL_SURFACE ( 'NONE', #396, 254.0000000000002274 ) ;
#1009 = LINE ( 'NONE', #131, #258 ) ;
#1010 = CARTESIAN_POINT ( 'NONE',  ( -326.9041601857845194, 157.8448930801354493, 8.000000000000000000 ) ) ;
#1011 = EDGE_LOOP ( 'NONE', ( #997, #672 ) ) ;
#1012 = CARTESIAN_POINT ( 'NONE',  ( -188.8227912297627995, -464.0221559124217379, 8.000000000000000000 ) ) ;
#1013 = VECTOR ( 'NONE', #314, 1000.000000000000000 ) ;
#1014 = LINE ( 'NONE', #493, #1666 ) ;
#1015 = ORIENTED_EDGE ( 'NONE', *, *, #945, .F. ) ;
#1016 = DIRECTION ( 'NONE',  ( -1.000000000000000000, 0.000000000000000000, 0.000000000000000000 ) ) ;
#1017 = CONICAL_SURFACE ( 'NONE', #1258, 259.0000000000003411, 0.7853981633974037591 ) ;
#1018 = DIRECTION ( 'NONE',  ( -0.000000000000000000, -0.000000000000000000, -1.000000000000000000 ) ) ;
#1019 = DIRECTION ( 'NONE',  ( -0.000000000000000000, -0.000000000000000000, -1.000000000000000000 ) ) ;
#1020 = EDGE_CURVE ( 'NONE', #1496, #1299, #67, .T. ) ;
#1021 = ORIENTED_EDGE ( 'NONE', *, *, #902, .T. ) ;
#1022 = CARTESIAN_POINT ( 'NONE',  ( -570.2346899668400511, 595.7783977565959503, 0.000000000000000000 ) ) ;
#1023 = DIRECTION ( 'NONE',  ( -1.000000000000000000, 0.000000000000000000, 0.000000000000000000 ) ) ;
#1024 = CARTESIAN_POINT ( 'NONE',  ( 1524.554395698692588, 825.9776879352690457, 8.000000000000000000 ) ) ;
#1025 = LINE ( 'NONE', #1156, #524 ) ;
#1026 = EDGE_CURVE ( 'NONE', #605, #1628, #1635, .T. ) ;
#1027 = VECTOR ( 'NONE', #1308, 1000.000000000000000 ) ;
#1028 = DIRECTION ( 'NONE',  ( -1.000000000000000000, 0.000000000000000000, 0.000000000000000000 ) ) ;
#1029 = ADVANCED_FACE ( 'NONE', ( #715 ), #1329, .F. ) ;
#1030 =( GEOMETRIC_REPRESENTATION_CONTEXT ( 3 ) GLOBAL_UNCERTAINTY_ASSIGNED_CONTEXT ( ( #1248 ) ) GLOBAL_UNIT_ASSIGNED_CONTEXT ( ( #114, #893, #1661 ) ) REPRESENTATION_CONTEXT ( 'NONE', 'WORKASPACE' ) );
#1031 = DIRECTION ( 'NONE',  ( 1.000000000000000000, 0.000000000000000000, 0.000000000000000000 ) ) ;
#1032 = DIRECTION ( 'NONE',  ( -0.000000000000000000, -0.000000000000000000, -1.000000000000000000 ) ) ;
#1033 = AXIS2_PLACEMENT_3D ( 'NONE', #290, #1209, #1576 ) ;
#1034 = DIRECTION ( 'NONE',  ( -0.000000000000000000, -0.000000000000000000, -1.000000000000000000 ) ) ;
#1035 = CARTESIAN_POINT ( 'NONE',  ( 65.17720877023721471, -464.0221559124217379, 5.000000000000170530 ) ) ;
#1036 = CARTESIAN_POINT ( 'NONE',  ( 765.1069039920893147, -9.428110757423974420, 5.000000000000670575 ) ) ;
#1037 = AXIS2_PLACEMENT_3D ( 'NONE', #933, #776, #1289 ) ;
#1038 = AXIS2_PLACEMENT_3D ( 'NONE', #480, #1610, #451 ) ;
#1039 = ORIENTED_EDGE ( 'NONE', *, *, #193, .T. ) ;
#1040 = CARTESIAN_POINT ( 'NONE',  ( -575.2346899668405058, 595.7783977565959503, 5.000000000000781597 ) ) ;
#1041 = CIRCLE ( 'NONE', #1256, 254.0000000000000000 ) ;
#1042 = DIRECTION ( 'NONE',  ( -1.000000000000000000, 0.000000000000000000, 0.000000000000000000 ) ) ;
#1043 = CARTESIAN_POINT ( 'NONE',  ( 2134.753317366998090, 366.6235166718605001, 8.000000000000000000 ) ) ;
#1044 = ADVANCED_FACE ( 'NONE', ( #453 ), #54, .F. ) ;
#1045 = CARTESIAN_POINT ( 'NONE',  ( -1438.697268441087999, 638.6197309304922101, 8.000000000000000000 ) ) ;
#1046 = CONICAL_SURFACE ( 'NONE', #577, 259.0000000000003411, 0.7853981633974037591 ) ;
#1047 = ORIENTED_EDGE ( 'NONE', *, *, #1627, .F. ) ;
#1048 = ORIENTED_EDGE ( 'NONE', *, *, #149, .F. ) ;
#1049 = ORIENTED_EDGE ( 'NONE', *, *, #1672, .T. ) ;
#1050 = CARTESIAN_POINT ( 'NONE',  ( 2092.808535377513635, 328.5423492460228658, 5.000000000000559552 ) ) ;
#1051 = ADVANCED_FACE ( 'NONE', ( #1240 ), #1163, .F. ) ;
#1052 = CARTESIAN_POINT ( 'NONE',  ( 765.1069039920893147, -9.428110757423974420, 8.000000000000000000 ) ) ;
#1053 = CARTESIAN_POINT ( 'NONE',  ( 1265.554395698693725, 825.9776879352690457, 0.000000000000000000 ) ) ;
#1054 = EDGE_CURVE ( 'NONE', #1356, #1300, #1549, .T. ) ;
#1055 = DIRECTION ( 'NONE',  ( -1.000000000000000000, 0.000000000000000000, 0.000000000000000000 ) ) ;
#1056 = ORIENTED_EDGE ( 'NONE', *, *, #787, .T. ) ;
#1057 = CARTESIAN_POINT ( 'NONE',  ( 1527.106903992089201, 244.5718892425760487, 8.000000000000000000 ) ) ;
#1058 = CARTESIAN_POINT ( 'NONE',  ( 709.8527643132688354, 488.0072279318223423, 0.000000000000000000 ) ) ;
#1059 = CARTESIAN_POINT ( 'NONE',  ( 1014.106903992088860, 244.5718892425760203, 0.000000000000000000 ) ) ;
#1060 = CIRCLE ( 'NONE', #1630, 254.0000000000000000 ) ;
#1061 = CARTESIAN_POINT ( 'NONE',  ( 1524.554395698692588, 825.9776879352690457, 8.000000000000000000 ) ) ;
#1062 = DIRECTION ( 'NONE',  ( -0.000000000000000000, -0.000000000000000000, -1.000000000000000000 ) ) ;
#1063 = CARTESIAN_POINT ( 'NONE',  ( -2223.850237454108537, 1518.021082971507440, 8.000000000000000000 ) ) ;
#1064 = DIRECTION ( 'NONE',  ( -0.000000000000000000, -0.000000000000000000, -1.000000000000000000 ) ) ;
#1065 = AXIS2_PLACEMENT_3D ( 'NONE', #1200, #934, #20 ) ;
#1066 = CARTESIAN_POINT ( 'NONE',  ( -2223.850237454108537, -1021.978917028491651, 8.000000000000000000 ) ) ;
#1067 = DIRECTION ( 'NONE',  ( -0.7071067811865160424, 0.000000000000000000, -0.7071067811865789920 ) ) ;
#1068 = DIRECTION ( 'NONE',  ( -1.000000000000000000, 0.000000000000000000, 0.000000000000000000 ) ) ;
#1069 = EDGE_CURVE ( 'NONE', #1533, #219, #1214, .T. ) ;
#1070 = DIRECTION ( 'NONE',  ( 0.7071067811865161534, 8.659560562354548288E-17, -0.7071067811865788810 ) ) ;
#1071 = LINE ( 'NONE', #1424, #658 ) ;
#1072 = CARTESIAN_POINT ( 'NONE',  ( 1778.554395698692588, 825.9776879352690457, 8.000000000000000000 ) ) ;
#1073 = EDGE_CURVE ( 'NONE', #608, #363, #1366, .T. ) ;
#1074 = ORIENTED_EDGE ( 'NONE', *, *, #878, .T. ) ;
#1075 = DIRECTION ( 'NONE',  ( -1.000000000000000000, 0.000000000000000000, 0.000000000000000000 ) ) ;
#1076 = EDGE_LOOP ( 'NONE', ( #1380, #984, #1196, #324 ) ) ;
#1077 = DIRECTION ( 'NONE',  ( 1.000000000000000000, 0.000000000000000000, 0.000000000000000000 ) ) ;
#1078 = CARTESIAN_POINT ( 'NONE',  ( 450.8527643132685512, 488.0072279318222854, 8.000000000000000000 ) ) ;
#1079 = CIRCLE ( 'NONE', #246, 254.0000000000002274 ) ;
#1080 = FACE_OUTER_BOUND ( 'NONE', #1185, .T. ) ;
#1081 = SURFACE_SIDE_STYLE ('',( #162 ) ) ;
#1082 = DIRECTION ( 'NONE',  ( -0.000000000000000000, -0.000000000000000000, -1.000000000000000000 ) ) ;
#1083 = VERTEX_POINT ( 'NONE', #463 ) ;
#1084 = AXIS2_PLACEMENT_3D ( 'NONE', #1078, #1486, #583 ) ;
#1085 = DIRECTION ( 'NONE',  ( -0.000000000000000000, -0.000000000000000000, 1.000000000000000000 ) ) ;
#1086 = CARTESIAN_POINT ( 'NONE',  ( 450.8527643132685512, 488.0072279318222854, 5.000000000000225597 ) ) ;
#1087 = ORIENTED_EDGE ( 'NONE', *, *, #928, .T. ) ;
#1088 = ADVANCED_FACE ( 'NONE', ( #188 ), #962, .F. ) ;
#1089 = LINE ( 'NONE', #1615, #78 ) ;
#1090 = AXIS2_PLACEMENT_3D ( 'NONE', #662, #1590, #30 ) ;
#1091 = VERTEX_POINT ( 'NONE', #1478 ) ;
#1092 = CARTESIAN_POINT ( 'NONE',  ( 2856.149762545891463, 1518.021082971507440, 0.000000000000000000 ) ) ;
#1093 = ORIENTED_EDGE ( 'NONE', *, *, #227, .F. ) ;
#1094 = AXIS2_PLACEMENT_3D ( 'NONE', #1291, #1406, #887 ) ;
#1095 = EDGE_CURVE ( 'NONE', #873, #148, #1663, .T. ) ;
#1096 = DIRECTION ( 'NONE',  ( -0.000000000000000000, -0.000000000000000000, -1.000000000000000000 ) ) ;
#1097 = LINE ( 'NONE', #466, #484 ) ;
#1098 = ADVANCED_FACE ( 'NONE', ( #323 ), #836, .F. ) ;
#1099 = EDGE_LOOP ( 'NONE', ( #1178, #1362 ) ) ;
#1100 = DIRECTION ( 'NONE',  ( -0.000000000000000000, -0.000000000000000000, -1.000000000000000000 ) ) ;
#1101 = EDGE_LOOP ( 'NONE', ( #1514, #731, #863, #467 ) ) ;
#1102 = ORIENTED_EDGE ( 'NONE', *, *, #128, .T. ) ;
#1103 = CARTESIAN_POINT ( 'NONE',  ( -1692.697268441087999, 638.6197309304922101, 5.000000000000781597 ) ) ;
#1104 = VERTEX_POINT ( 'NONE', #971 ) ;
#1105 = FACE_BOUND ( 'NONE', #1011, .T. ) ;
#1106 = ORIENTED_EDGE ( 'NONE', *, *, #139, .F. ) ;
#1107 = DIRECTION ( 'NONE',  ( 0.000000000000000000, 0.000000000000000000, 1.000000000000000000 ) ) ;
#1108 = PRESENTATION_LAYER_ASSIGNMENT (  '', '', ( #1407 ) ) ;
#1109 = EDGE_LOOP ( 'NONE', ( #724, #804, #970, #329 ) ) ;
#1110 = VERTEX_POINT ( 'NONE', #689 ) ;
#1111 = VECTOR ( 'NONE', #1337, 1000.000000000000114 ) ;
#1112 = DIRECTION ( 'NONE',  ( -0.000000000000000000, -0.000000000000000000, -1.000000000000000000 ) ) ;
#1113 = VECTOR ( 'NONE', #1323, 1000.000000000000000 ) ;
#1114 = ORIENTED_EDGE ( 'NONE', *, *, #1525, .T. ) ;
#1115 = FACE_BOUND ( 'NONE', #494, .T. ) ;
#1116 = AXIS2_PLACEMENT_3D ( 'NONE', #66, #458, #1641 ) ;
#1117 = CARTESIAN_POINT ( 'NONE',  ( -1692.697268441087999, 638.6197309304922101, 8.000000000000000000 ) ) ;
#1118 = EDGE_CURVE ( 'NONE', #446, #740, #709, .T. ) ;
#1119 = VECTOR ( 'NONE', #289, 1000.000000000000000 ) ;
#1120 = ORIENTED_EDGE ( 'NONE', *, *, #375, .F. ) ;
#1121 = VERTEX_POINT ( 'NONE', #1103 ) ;
#1122 = EDGE_CURVE ( 'NONE', #1612, #1083, #280, .T. ) ;
#1123 = CIRCLE ( 'NONE', #609, 254.0000000000001137 ) ;
#1124 = VERTEX_POINT ( 'NONE', #1384 ) ;
#1125 = DIRECTION ( 'NONE',  ( -1.000000000000000000, 0.000000000000000000, 0.000000000000000000 ) ) ;
#1126 = ORIENTED_EDGE ( 'NONE', *, *, #1095, .F. ) ;
#1127 = AXIS2_PLACEMENT_3D ( 'NONE', #358, #225, #1283 ) ;
#1128 = DIRECTION ( 'NONE',  ( -1.000000000000000000, 0.000000000000000000, 0.000000000000000000 ) ) ;
#1129 = AXIS2_PLACEMENT_3D ( 'NONE', #1351, #1217, #1341 ) ;
#1130 = EDGE_CURVE ( 'NONE', #1345, #820, #1298, .T. ) ;
#1131 = ORIENTED_EDGE ( 'NONE', *, *, #139, .T. ) ;
#1132 = ORIENTED_EDGE ( 'NONE', *, *, #598, .F. ) ;
#1133 = CARTESIAN_POINT ( 'NONE',  ( 1524.554395698692588, 825.9776879352690457, 4.999999999999448441 ) ) ;
#1134 = VERTEX_POINT ( 'NONE', #364 ) ;
#1135 = CARTESIAN_POINT ( 'NONE',  ( 0.000000000000000000, 0.000000000000000000, 0.000000000000000000 ) ) ;
#1136 = DIRECTION ( 'NONE',  ( -1.000000000000000000, 0.000000000000000000, 0.000000000000000000 ) ) ;
#1137 = ORIENTED_EDGE ( 'NONE', *, *, #420, .T. ) ;
#1138 = DIRECTION ( 'NONE',  ( -0.000000000000000000, -0.000000000000000000, -1.000000000000000000 ) ) ;
#1139 = DIRECTION ( 'NONE',  ( 1.000000000000000000, 0.000000000000000000, 0.000000000000000000 ) ) ;
#1140 = FACE_OUTER_BOUND ( 'NONE', #786, .T. ) ;
#1141 = ADVANCED_FACE ( 'NONE', ( #1394 ), #1275, .F. ) ;
#1142 = CARTESIAN_POINT ( 'NONE',  ( -326.9041601857845194, 157.8448930801354493, 8.000000000000000000 ) ) ;
#1143 = CIRCLE ( 'NONE', #1090, 259.0000000000003979 ) ;
#1144 = EDGE_CURVE ( 'NONE', #361, #1230, #1440, .T. ) ;
#1145 = VERTEX_POINT ( 'NONE', #996 ) ;
#1146 = DIRECTION ( 'NONE',  ( -1.000000000000000000, 0.000000000000000000, 0.000000000000000000 ) ) ;
#1147 = DIRECTION ( 'NONE',  ( -0.000000000000000000, -0.000000000000000000, -1.000000000000000000 ) ) ;
#1148 = ADVANCED_FACE ( 'NONE', ( #503 ), #627, .F. ) ;
#1149 = AXIS2_PLACEMENT_3D ( 'NONE', #638, #1019, #1269 ) ;
#1150 = DIRECTION ( 'NONE',  ( -0.000000000000000000, -0.000000000000000000, -1.000000000000000000 ) ) ;
#1151 = DIRECTION ( 'NONE',  ( -1.000000000000000000, 0.000000000000000000, 0.000000000000000000 ) ) ;
#1152 = CIRCLE ( 'NONE', #777, 259.0000000000003411 ) ;
#1153 = CARTESIAN_POINT ( 'NONE',  ( 319.1772087702372005, -464.0221559124216810, 8.000000000000000000 ) ) ;
#1154 = CARTESIAN_POINT ( 'NONE',  ( 2388.753317366998090, 366.6235166718605001, 5.000000000000781597 ) ) ;
#1155 = LINE ( 'NONE', #789, #455 ) ;
#1156 = CARTESIAN_POINT ( 'NONE',  ( 1019.106903992089201, 244.5718892425760203, 8.000000000000000000 ) ) ;
#1157 = DIRECTION ( 'NONE',  ( -0.000000000000000000, -0.000000000000000000, -1.000000000000000000 ) ) ;
#1158 = ADVANCED_FACE ( 'NONE', ( #372 ), #622, .F. ) ;
#1159 = DIRECTION ( 'NONE',  ( 0.7071067811865160424, 8.659560562354547056E-17, -0.7071067811865789920 ) ) ;
#1160 = CARTESIAN_POINT ( 'NONE',  ( 2074.499177688177042, 864.0588553611066800, 8.000000000000000000 ) ) ;
#1161 = DIRECTION ( 'NONE',  ( 1.000000000000000000, 0.000000000000000000, 0.000000000000000000 ) ) ;
#1162 = CARTESIAN_POINT ( 'NONE',  ( 319.1772087702372005, -464.0221559124216810, 8.000000000000000000 ) ) ;
#1163 = CONICAL_SURFACE ( 'NONE', #602, 259.0000000000003411, 0.7853981633974037591 ) ;
#1164 = EDGE_CURVE ( 'NONE', #1374, #333, #574, .T. ) ;
#1165 = VECTOR ( 'NONE', #840, 1000.000000000000000 ) ;
#1166 = VERTEX_POINT ( 'NONE', #346 ) ;
#1167 = DIRECTION ( 'NONE',  ( -1.000000000000000000, 0.000000000000000000, 0.000000000000000000 ) ) ;
#1168 = EDGE_CURVE ( 'NONE', #1616, #232, #629, .T. ) ;
#1169 = CARTESIAN_POINT ( 'NONE',  ( 1019.106903992089201, 244.5718892425760203, 5.000000000000781597 ) ) ;
#1170 = LINE ( 'NONE', #428, #1395 ) ;
#1171 = AXIS2_PLACEMENT_3D ( 'NONE', #645, #257, #1398 ) ;
#1172 = CARTESIAN_POINT ( 'NONE',  ( -1179.697268441087544, 638.6197309304922101, 0.000000000000000000 ) ) ;
#1173 = ORIENTED_EDGE ( 'NONE', *, *, #637, .T. ) ;
#1174 = DIRECTION ( 'NONE',  ( -0.000000000000000000, -0.000000000000000000, 1.000000000000000000 ) ) ;
#1175 = VECTOR ( 'NONE', #1180, 1000.000000000000114 ) ;
#1176 = EDGE_CURVE ( 'NONE', #1637, #1241, #1303, .T. ) ;
#1177 = EDGE_LOOP ( 'NONE', ( #283, #708, #189, #1554 ) ) ;
#1178 = ORIENTED_EDGE ( 'NONE', *, *, #1352, .T. ) ;
#1179 = DIRECTION ( 'NONE',  ( -0.000000000000000000, -0.000000000000000000, -1.000000000000000000 ) ) ;
#1180 = DIRECTION ( 'NONE',  ( -0.7071067811865160424, 0.000000000000000000, -0.7071067811865789920 ) ) ;
#1181 = DIRECTION ( 'NONE',  ( 0.000000000000000000, 0.000000000000000000, 1.000000000000000000 ) ) ;
#1182 = EDGE_LOOP ( 'NONE', ( #1093, #24 ) ) ;
#1183 = CIRCLE ( 'NONE', #1560, 259.0000000000003411 ) ;
#1184 = DIRECTION ( 'NONE',  ( -1.000000000000000000, 0.000000000000000000, 0.000000000000000000 ) ) ;
#1185 = EDGE_LOOP ( 'NONE', ( #55, #1485, #1479, #822 ) ) ;
#1186 = LINE ( 'NONE', #931, #507 ) ;
#1187 = DIRECTION ( 'NONE',  ( -1.000000000000000000, 0.000000000000000000, 0.000000000000000000 ) ) ;
#1188 = CIRCLE ( 'NONE', #1625, 259.0000000000001137 ) ;
#1189 = PRODUCT ( 'HB', 'HB', '', ( #1458 ) ) ;
#1190 = VECTOR ( 'NONE', #6, 1000.000000000000000 ) ;
#1191 = CARTESIAN_POINT ( 'NONE',  ( -1438.697268441087999, 638.6197309304922101, 8.000000000000000000 ) ) ;
#1192 = EDGE_CURVE ( 'NONE', #58, #347, #1281, .T. ) ;
#1193 = DIRECTION ( 'NONE',  ( -1.000000000000000000, 0.000000000000000000, 0.000000000000000000 ) ) ;
#1194 = CARTESIAN_POINT ( 'NONE',  ( -326.9041601857845194, 157.8448930801354493, 5.000000000000781597 ) ) ;
#1195 = VECTOR ( 'NONE', #444, 1000.000000000000000 ) ;
#1196 = ORIENTED_EDGE ( 'NONE', *, *, #330, .T. ) ;
#1197 = DIRECTION ( 'NONE',  ( 0.7071067811865160424, 8.659560562354547056E-17, -0.7071067811865789920 ) ) ;
#1198 = DIRECTION ( 'NONE',  ( 0.000000000000000000, 0.000000000000000000, -1.000000000000000000 ) ) ;
#1199 = EDGE_CURVE ( 'NONE', #232, #363, #44, .T. ) ;
#1200 = CARTESIAN_POINT ( 'NONE',  ( -1438.697268441087999, 638.6197309304922101, 0.000000000000000000 ) ) ;
#1201 = ORIENTED_EDGE ( 'NONE', *, *, #205, .T. ) ;
#1202 = CARTESIAN_POINT ( 'NONE',  ( -829.2346899668405058, 595.7783977565959503, 8.000000000000000000 ) ) ;
#1203 = AXIS2_PLACEMENT_3D ( 'NONE', #287, #669, #1187 ) ;
#1204 = EDGE_LOOP ( 'NONE', ( #470, #647, #1650, #1419 ) ) ;
#1205 = CARTESIAN_POINT ( 'NONE',  ( 1019.106903992089428, -9.428110757423942445, 5.000000000000670575 ) ) ;
#1206 = CARTESIAN_POINT ( 'NONE',  ( -1184.697268441087999, 638.6197309304922101, 5.000000000000781597 ) ) ;
#1207 = CARTESIAN_POINT ( 'NONE',  ( 1579.808535377513181, 328.5423492460228090, 0.000000000000000000 ) ) ;
#1208 = CONICAL_SURFACE ( 'NONE', #426, 259.0000000000003411, 0.7853981633974650434 ) ;
#1209 = DIRECTION ( 'NONE',  ( -0.000000000000000000, -0.000000000000000000, -1.000000000000000000 ) ) ;
#1210 = CARTESIAN_POINT ( 'NONE',  ( 2092.808535377513635, 328.5423492460228658, 8.000000000000000000 ) ) ;
#1211 = ORIENTED_EDGE ( 'NONE', *, *, #1342, .T. ) ;
#1212 = EDGE_CURVE ( 'NONE', #1300, #1356, #1332, .T. ) ;
#1213 = DIRECTION ( 'NONE',  ( 1.000000000000000000, 0.000000000000000000, 0.000000000000000000 ) ) ;
#1214 = LINE ( 'NONE', #1638, #1013 ) ;
#1215 = ORIENTED_EDGE ( 'NONE', *, *, #1164, .T. ) ;
#1216 = ORIENTED_EDGE ( 'NONE', *, *, #271, .F. ) ;
#1217 = DIRECTION ( 'NONE',  ( -0.000000000000000000, -0.000000000000000000, -1.000000000000000000 ) ) ;
#1218 = ORIENTED_EDGE ( 'NONE', *, *, #294, .F. ) ;
#1219 = CARTESIAN_POINT ( 'NONE',  ( -585.9041601857848036, 157.8448930801354493, 0.000000000000000000 ) ) ;
#1220 = ORIENTED_EDGE ( 'NONE', *, *, #1054, .T. ) ;
#1221 = EDGE_CURVE ( 'NONE', #1616, #608, #994, .T. ) ;
#1222 = AXIS2_PLACEMENT_3D ( 'NONE', #727, #845, #178 ) ;
#1223 = EDGE_LOOP ( 'NONE', ( #1047, #251, #581, #1218 ) ) ;
#1224 = DIRECTION ( 'NONE',  ( -0.000000000000000000, -0.000000000000000000, 1.000000000000000000 ) ) ;
#1225 = EDGE_CURVE ( 'NONE', #1568, #1145, #237, .T. ) ;
#1226 = VERTEX_POINT ( 'NONE', #485 ) ;
#1227 = FACE_BOUND ( 'NONE', #717, .T. ) ;
#1228 = ORIENTED_EDGE ( 'NONE', *, *, #1192, .T. ) ;
#1229 = ORIENTED_EDGE ( 'NONE', *, *, #1618, .T. ) ;
#1230 = VERTEX_POINT ( 'NONE', #1513 ) ;
#1231 = CONICAL_SURFACE ( 'NONE', #797, 258.9999999999990337, 0.7853981633974039811 ) ;
#1232 = DIRECTION ( 'NONE',  ( -1.000000000000000000, 0.000000000000000000, 0.000000000000000000 ) ) ;
#1233 = ORIENTED_EDGE ( 'NONE', *, *, #1471, .T. ) ;
#1234 = FACE_BOUND ( 'NONE', #259, .T. ) ;
#1235 = EDGE_LOOP ( 'NONE', ( #228, #354 ) ) ;
#1236 = ORIENTED_EDGE ( 'NONE', *, *, #29, .T. ) ;
#1237 = VERTEX_POINT ( 'NONE', #1529 ) ;
#1238 = EDGE_LOOP ( 'NONE', ( #796, #965 ) ) ;
#1239 = AXIS2_PLACEMENT_3D ( 'NONE', #286, #16, #379 ) ;
#1240 = FACE_OUTER_BOUND ( 'NONE', #663, .T. ) ;
#1241 = VERTEX_POINT ( 'NONE', #872 ) ;
#1242 = ADVANCED_FACE ( 'NONE', ( #1654 ), #244, .F. ) ;
#1243 = CARTESIAN_POINT ( 'NONE',  ( 1019.106903992089428, -9.428110757423942445, 8.000000000000000000 ) ) ;
#1244 = ORIENTED_EDGE ( 'NONE', *, *, #982, .T. ) ;
#1245 =( NAMED_UNIT ( * ) SI_UNIT ( $, .STERADIAN. ) SOLID_ANGLE_UNIT ( ) );
#1246 = EDGE_CURVE ( 'NONE', #1300, #1628, #1520, .T. ) ;
#1247 = ORIENTED_EDGE ( 'NONE', *, *, #555, .T. ) ;
#1248 = UNCERTAINTY_MEASURE_WITH_UNIT (LENGTH_MEASURE( 1.000000000000000082E-05 ), #114, 'distance_accuracy_value', 'NONE');
#1249 = DIRECTION ( 'NONE',  ( -0.000000000000000000, -0.000000000000000000, -1.000000000000000000 ) ) ;
#1250 = VECTOR ( 'NONE', #263, 1000.000000000000000 ) ;
#1251 = ORIENTED_EDGE ( 'NONE', *, *, #397, .T. ) ;
#1252 = ADVANCED_FACE ( 'NONE', ( #253 ), #765, .F. ) ;
#1253 = CARTESIAN_POINT ( 'NONE',  ( -829.2346899668405058, 595.7783977565959503, 8.000000000000000000 ) ) ;
#1254 = AXIS2_PLACEMENT_3D ( 'NONE', #210, #1107, #1629 ) ;
#1255 = EDGE_CURVE ( 'NONE', #1579, #113, #508, .T. ) ;
#1256 = AXIS2_PLACEMENT_3D ( 'NONE', #120, #134, #14 ) ;
#1257 = ORIENTED_EDGE ( 'NONE', *, *, #320, .F. ) ;
#1258 = AXIS2_PLACEMENT_3D ( 'NONE', #899, #3, #1659 ) ;
#1259 = CARTESIAN_POINT ( 'NONE',  ( 765.1069039920893147, -9.428110757423974420, 5.000000000000670575 ) ) ;
#1260 = ORIENTED_EDGE ( 'NONE', *, *, #330, .F. ) ;
#1261 = AXIS2_PLACEMENT_3D ( 'NONE', #1135, #1675, #1404 ) ;
#1262 = DIRECTION ( 'NONE',  ( -1.000000000000000000, 0.000000000000000000, 0.000000000000000000 ) ) ;
#1263 = FACE_OUTER_BOUND ( 'NONE', #1076, .T. ) ;
#1264 = ORIENTED_EDGE ( 'NONE', *, *, #774, .F. ) ;
#1265 = ORIENTED_EDGE ( 'NONE', *, *, #917, .T. ) ;
#1266 = DIRECTION ( 'NONE',  ( -1.000000000000000000, 0.000000000000000000, 0.000000000000000000 ) ) ;
#1267 = EDGE_CURVE ( 'NONE', #1121, #986, #150, .T. ) ;
#1268 = CARTESIAN_POINT ( 'NONE',  ( 2074.499177688177042, 864.0588553611066800, 0.000000000000000000 ) ) ;
#1269 = DIRECTION ( 'NONE',  ( -1.000000000000000000, 0.000000000000000000, 0.000000000000000000 ) ) ;
#1270 = ADVANCED_BREP_SHAPE_REPRESENTATION ( 'HB', ( #57, #2 ), #1030 ) ;
#1271 = EDGE_CURVE ( 'NONE', #212, #218, #654, .T. ) ;
#1272 = AXIS2_PLACEMENT_3D ( 'NONE', #1467, #1085, #1452 ) ;
#1273 = ORIENTED_EDGE ( 'NONE', *, *, #1004, .F. ) ;
#1274 = DIRECTION ( 'NONE',  ( -1.000000000000000000, 0.000000000000000000, 0.000000000000000000 ) ) ;
#1275 = CYLINDRICAL_SURFACE ( 'NONE', #930, 254.0000000000000000 ) ;
#1276 = EDGE_CURVE ( 'NONE', #1397, #1091, #1526, .T. ) ;
#1277 = CARTESIAN_POINT ( 'NONE',  ( -326.9041601857845194, 157.8448930801354493, 0.000000000000000000 ) ) ;
#1278 = FACE_OUTER_BOUND ( 'NONE', #383, .T. ) ;
#1279 = CIRCLE ( 'NONE', #256, 259.0000000000003411 ) ;
#1280 = DIRECTION ( 'NONE',  ( -0.000000000000000000, -0.000000000000000000, -1.000000000000000000 ) ) ;
#1281 = LINE ( 'NONE', #1535, #15 ) ;
#1282 = CYLINDRICAL_SURFACE ( 'NONE', #1619, 254.0000000000001137 ) ;
#1283 = DIRECTION ( 'NONE',  ( -1.000000000000000000, 0.000000000000000000, 0.000000000000000000 ) ) ;
#1284 = CARTESIAN_POINT ( 'NONE',  ( 2642.753317366998090, 366.6235166718605569, 5.000000000000781597 ) ) ;
#1285 = ORIENTED_EDGE ( 'NONE', *, *, #813, .F. ) ;
#1286 = AXIS2_PLACEMENT_3D ( 'NONE', #1306, #1457, #284 ) ;
#1287 = CARTESIAN_POINT ( 'NONE',  ( 1217.852764313268835, 742.0072279318222854, 0.000000000000000000 ) ) ;
#1288 = DIRECTION ( 'NONE',  ( 1.000000000000000000, 0.000000000000000000, 0.000000000000000000 ) ) ;
#1289 = DIRECTION ( 'NONE',  ( -1.000000000000000000, 0.000000000000000000, 0.000000000000000000 ) ) ;
#1290 = EDGE_CURVE ( 'NONE', #363, #232, #746, .T. ) ;
#1291 = CARTESIAN_POINT ( 'NONE',  ( 958.8527643132684943, 742.0072279318222854, 5.000000000000781597 ) ) ;
#1292 = ADVANCED_FACE ( 'NONE', ( #487 ), #1017, .F. ) ;
#1293 = EDGE_LOOP ( 'NONE', ( #119, #82 ) ) ;
#1294 = CARTESIAN_POINT ( 'NONE',  ( 1212.852764313268381, 742.0072279318222854, 8.000000000000000000 ) ) ;
#1295 = CARTESIAN_POINT ( 'NONE',  ( -1179.697268441087544, 638.6197309304922101, 0.000000000000000000 ) ) ;
#1296 = DIRECTION ( 'NONE',  ( 1.000000000000000000, 0.000000000000000000, 0.000000000000000000 ) ) ;
#1297 = CARTESIAN_POINT ( 'NONE',  ( 506.1069039920890305, -9.428110757423974420, 0.000000000000000000 ) ) ;
#1298 = CIRCLE ( 'NONE', #1521, 254.0000000000000000 ) ;
#1299 = VERTEX_POINT ( 'NONE', #757 ) ;
#1300 = VERTEX_POINT ( 'NONE', #1284 ) ;
#1301 = CYLINDRICAL_SURFACE ( 'NONE', #594, 254.0000000000000000 ) ;
#1302 = DIRECTION ( 'NONE',  ( -0.000000000000000000, -0.000000000000000000, -1.000000000000000000 ) ) ;
#1303 = CIRCLE ( 'NONE', #367, 254.0000000000000000 ) ;
#1304 = CARTESIAN_POINT ( 'NONE',  ( 1579.808535377513181, 328.5423492460228090, 0.000000000000000000 ) ) ;
#1305 = ORIENTED_EDGE ( 'NONE', *, *, #1653, .T. ) ;
#1306 = CARTESIAN_POINT ( 'NONE',  ( 1273.106903992089201, 244.5718892425760203, 8.000000000000000000 ) ) ;
#1307 = ORIENTED_EDGE ( 'NONE', *, *, #327, .F. ) ;
#1308 = DIRECTION ( 'NONE',  ( -0.000000000000000000, 1.000000000000000000, -0.000000000000000000 ) ) ;
#1309 = CARTESIAN_POINT ( 'NONE',  ( 2074.499177688177042, 864.0588553611066800, 8.000000000000000000 ) ) ;
#1310 = ADVANCED_FACE ( 'NONE', ( #1417 ), #937, .F. ) ;
#1311 = DIRECTION ( 'NONE',  ( -0.000000000000000000, -0.000000000000000000, -1.000000000000000000 ) ) ;
#1312 = FILL_AREA_STYLE_COLOUR ( '', #979 ) ;
#1313 = CIRCLE ( 'NONE', #729, 259.0000000000004547 ) ;
#1314 = DIRECTION ( 'NONE',  ( -0.000000000000000000, -0.000000000000000000, -1.000000000000000000 ) ) ;
#1315 = EDGE_CURVE ( 'NONE', #1433, #1631, #1643, .T. ) ;
#1316 = ORIENTED_EDGE ( 'NONE', *, *, #406, .T. ) ;
#1317 = CONICAL_SURFACE ( 'NONE', #974, 259.0000000000003411, 0.7853981633974037591 ) ;
#1318 = EDGE_CURVE ( 'NONE', #490, #58, #1014, .T. ) ;
#1319 = CARTESIAN_POINT ( 'NONE',  ( 704.8527643132684943, 488.0072279318223423, 8.000000000000000000 ) ) ;
#1320 = CARTESIAN_POINT ( 'NONE',  ( 2074.499177688177042, 864.0588553611066800, 8.000000000000000000 ) ) ;
#1321 = DIRECTION ( 'NONE',  ( -0.000000000000000000, -0.000000000000000000, 1.000000000000000000 ) ) ;
#1322 = DIRECTION ( 'NONE',  ( -0.000000000000000000, -0.000000000000000000, 1.000000000000000000 ) ) ;
#1323 = DIRECTION ( 'NONE',  ( -0.000000000000000000, -0.000000000000000000, -1.000000000000000000 ) ) ;
#1324 = CIRCLE ( 'NONE', #677, 254.0000000000000000 ) ;
#1325 = CONICAL_SURFACE ( 'NONE', #788, 259.0000000000003411, 0.7853981633974037591 ) ;
#1326 = AXIS2_PLACEMENT_3D ( 'NONE', #217, #94, #601 ) ;
#1327 = FACE_OUTER_BOUND ( 'NONE', #48, .T. ) ;
#1328 = AXIS2_PLACEMENT_3D ( 'NONE', #778, #264, #763 ) ;
#1329 = CYLINDRICAL_SURFACE ( 'NONE', #8, 254.0000000000000000 ) ;
#1330 = CARTESIAN_POINT ( 'NONE',  ( 958.8527643132684943, 742.0072279318222854, 8.000000000000000000 ) ) ;
#1331 = EDGE_LOOP ( 'NONE', ( #13, #548, #1386, #475 ) ) ;
#1332 = CIRCLE ( 'NONE', #795, 254.0000000000000000 ) ;
#1333 = CARTESIAN_POINT ( 'NONE',  ( -2223.850237454108537, 1518.021082971507440, 0.000000000000000000 ) ) ;
#1334 = EDGE_CURVE ( 'NONE', #844, #1499, #445, .T. ) ;
#1335 = AXIS2_PLACEMENT_3D ( 'NONE', #1277, #1664, #498 ) ;
#1336 = CONICAL_SURFACE ( 'NONE', #1129, 259.0000000000003411, 0.7853981633974648213 ) ;
#1337 = DIRECTION ( 'NONE',  ( -0.7071067811865593411, 0.000000000000000000, -0.7071067811865358044 ) ) ;
#1338 = CARTESIAN_POINT ( 'NONE',  ( 1838.808535377513408, 328.5423492460228090, 0.000000000000000000 ) ) ;
#1339 = ORIENTED_EDGE ( 'NONE', *, *, #497, .T. ) ;
#1340 = EDGE_LOOP ( 'NONE', ( #68, #1074, #191, #192 ) ) ;
#1341 = DIRECTION ( 'NONE',  ( -1.000000000000000000, 0.000000000000000000, 0.000000000000000000 ) ) ;
#1342 = EDGE_CURVE ( 'NONE', #1397, #772, #1009, .T. ) ;
#1343 = ORIENTED_EDGE ( 'NONE', *, *, #1168, .T. ) ;
#1344 = CYLINDRICAL_SURFACE ( 'NONE', #1116, 254.0000000000000000 ) ;
#1345 = VERTEX_POINT ( 'NONE', #626 ) ;
#1346 = ADVANCED_FACE ( 'NONE', ( #1263 ), #125, .F. ) ;
#1347 = EDGE_LOOP ( 'NONE', ( #1264, #837, #1370, #841 ) ) ;
#1348 = DIRECTION ( 'NONE',  ( 0.000000000000000000, 0.000000000000000000, 1.000000000000000000 ) ) ;
#1349 = DIRECTION ( 'NONE',  ( -1.000000000000000000, 0.000000000000000000, 0.000000000000000000 ) ) ;
#1350 = EDGE_LOOP ( 'NONE', ( #620, #785, #552, #963 ) ) ;
#1351 = CARTESIAN_POINT ( 'NONE',  ( 65.17720877023721471, -464.0221559124217379, 0.000000000000000000 ) ) ;
#1352 = EDGE_CURVE ( 'NONE', #652, #1367, #478, .T. ) ;
#1353 = ORIENTED_EDGE ( 'NONE', *, *, #1168, .F. ) ;
#1354 = FACE_OUTER_BOUND ( 'NONE', #1660, .T. ) ;
#1355 = AXIS2_PLACEMENT_3D ( 'NONE', #42, #835, #187 ) ;
#1356 = VERTEX_POINT ( 'NONE', #1532 ) ;
#1357 = EDGE_LOOP ( 'NONE', ( #1487, #993, #211, #1228 ) ) ;
#1358 = LINE ( 'NONE', #303, #1195 ) ;
#1359 = ORIENTED_EDGE ( 'NONE', *, *, #1443, .T. ) ;
#1360 = CONICAL_SURFACE ( 'NONE', #1065, 259.0000000000003411, 0.7853981633974037591 ) ;
#1361 = FACE_BOUND ( 'NONE', #1235, .T. ) ;
#1362 = ORIENTED_EDGE ( 'NONE', *, *, #176, .T. ) ;
#1363 = CARTESIAN_POINT ( 'NONE',  ( 1783.554395698691678, 825.9776879352690457, 0.000000000000000000 ) ) ;
#1364 = ORIENTED_EDGE ( 'NONE', *, *, #492, .T. ) ;
#1365 = ORIENTED_EDGE ( 'NONE', *, *, #1026, .T. ) ;
#1366 = LINE ( 'NONE', #564, #1385 ) ;
#1367 = VERTEX_POINT ( 'NONE', #1671 ) ;
#1368 = EDGE_CURVE ( 'NONE', #772, #1586, #1123, .T. ) ;
#1369 = FACE_BOUND ( 'NONE', #1519, .T. ) ;
#1370 = ORIENTED_EDGE ( 'NONE', *, *, #500, .F. ) ;
#1371 = FACE_OUTER_BOUND ( 'NONE', #138, .T. ) ;
#1372 = CIRCLE ( 'NONE', #636, 254.0000000000002274 ) ;
#1373 = ORIENTED_EDGE ( 'NONE', *, *, #813, .T. ) ;
#1374 = VERTEX_POINT ( 'NONE', #749 ) ;
#1375 = ORIENTED_EDGE ( 'NONE', *, *, #1618, .F. ) ;
#1376 = ADVANCED_FACE ( 'NONE', ( #392 ), #877, .F. ) ;
#1377 = DIRECTION ( 'NONE',  ( 1.000000000000000000, 0.000000000000000000, 0.000000000000000000 ) ) ;
#1378 = ORIENTED_EDGE ( 'NONE', *, *, #637, .F. ) ;
#1379 = DIRECTION ( 'NONE',  ( -0.000000000000000000, -0.000000000000000000, -1.000000000000000000 ) ) ;
#1380 = ORIENTED_EDGE ( 'NONE', *, *, #80, .T. ) ;
#1381 = EDGE_LOOP ( 'NONE', ( #223, #1442, #992, #705 ) ) ;
#1382 = ORIENTED_EDGE ( 'NONE', *, *, #1522, .F. ) ;
#1383 = ORIENTED_EDGE ( 'NONE', *, *, #1144, .F. ) ;
#1384 = CARTESIAN_POINT ( 'NONE',  ( 2092.808535377513635, 328.5423492460228658, 8.000000000000000000 ) ) ;
#1385 = VECTOR ( 'NONE', #1605, 1000.000000000000000 ) ;
#1386 = ORIENTED_EDGE ( 'NONE', *, *, #442, .T. ) ;
#1387 = CARTESIAN_POINT ( 'NONE',  ( 1584.808535377513181, 328.5423492460228090, 5.000000000000559552 ) ) ;
#1388 = DIRECTION ( 'NONE',  ( -0.000000000000000000, -0.000000000000000000, -1.000000000000000000 ) ) ;
#1389 = VECTOR ( 'NONE', #773, 1000.000000000000000 ) ;
#1390 = ORIENTED_EDGE ( 'NONE', *, *, #18, .F. ) ;
#1391 = EDGE_CURVE ( 'NONE', #1345, #1134, #909, .T. ) ;
#1392 = AXIS2_PLACEMENT_3D ( 'NONE', #1133, #882, #755 ) ;
#1393 = ORIENTED_EDGE ( 'NONE', *, *, #750, .T. ) ;
#1394 = FACE_OUTER_BOUND ( 'NONE', #186, .T. ) ;
#1395 = VECTOR ( 'NONE', #1445, 1000.000000000000000 ) ;
#1396 = CARTESIAN_POINT ( 'NONE',  ( 1838.808535377513408, 328.5423492460228090, 8.000000000000000000 ) ) ;
#1397 = VERTEX_POINT ( 'NONE', #249 ) ;
#1398 = DIRECTION ( 'NONE',  ( -1.000000000000000000, 0.000000000000000000, 0.000000000000000000 ) ) ;
#1399 = EDGE_CURVE ( 'NONE', #1002, #831, #1418, .T. ) ;
#1400 = ADVANCED_FACE ( 'NONE', ( #1278 ), #1553, .F. ) ;
#1401 = AXIS2_PLACEMENT_3D ( 'NONE', #684, #1477, #549 ) ;
#1402 = CARTESIAN_POINT ( 'NONE',  ( -829.2346899668405058, 595.7783977565959503, 0.000000000000000000 ) ) ;
#1403 = CARTESIAN_POINT ( 'NONE',  ( 2388.753317366998090, 366.6235166718605001, 8.000000000000000000 ) ) ;
#1404 = DIRECTION ( 'NONE',  ( -1.000000000000000000, 0.000000000000000000, -0.000000000000000000 ) ) ;
#1405 = VECTOR ( 'NONE', #628, 1000.000000000000000 ) ;
#1406 = DIRECTION ( 'NONE',  ( -0.000000000000000000, -0.000000000000000000, -1.000000000000000000 ) ) ;
#1407 = STYLED_ITEM ( 'NONE', ( #809 ), #57 ) ;
#1408 = AXIS2_PLACEMENT_3D ( 'NONE', #688, #938, #427 ) ;
#1409 = EDGE_LOOP ( 'NONE', ( #1247, #956, #33, #1039 ) ) ;
#1410 = LINE ( 'NONE', #621, #391 ) ;
#1411 = DIRECTION ( 'NONE',  ( 0.7071067811865160424, 8.659560562354547056E-17, -0.7071067811865789920 ) ) ;
#1412 = CIRCLE ( 'NONE', #1546, 259.0000000000003411 ) ;
#1413 = CYLINDRICAL_SURFACE ( 'NONE', #1456, 254.0000000000001137 ) ;
#1414 = CYLINDRICAL_SURFACE ( 'NONE', #886, 254.0000000000000000 ) ;
#1415 = AXIS2_PLACEMENT_3D ( 'NONE', #213, #1224, #1232 ) ;
#1416 = AXIS2_PLACEMENT_3D ( 'NONE', #859, #59, #1068 ) ;
#1417 = FACE_OUTER_BOUND ( 'NONE', #1109, .T. ) ;
#1418 = CIRCLE ( 'NONE', #1328, 259.0000000000003979 ) ;
#1419 = ORIENTED_EDGE ( 'NONE', *, *, #353, .F. ) ;
#1420 = CARTESIAN_POINT ( 'NONE',  ( -1438.697268441087999, 638.6197309304922101, 8.000000000000000000 ) ) ;
#1421 = EDGE_CURVE ( 'NONE', #1475, #87, #1438, .T. ) ;
#1422 = AXIS2_PLACEMENT_3D ( 'NONE', #1259, #108, #614 ) ;
#1423 = LINE ( 'NONE', #140, #805 ) ;
#1424 = CARTESIAN_POINT ( 'NONE',  ( 699.8527643132681533, 742.0072279318222854, 0.000000000000000000 ) ) ;
#1425 = VECTOR ( 'NONE', #999, 1000.000000000000000 ) ;
#1426 = EDGE_CURVE ( 'NONE', #1648, #1299, #545, .T. ) ;
#1427 = CARTESIAN_POINT ( 'NONE',  ( -72.90416018578449098, 157.8448930801354777, 8.000000000000000000 ) ) ;
#1428 = ORIENTED_EDGE ( 'NONE', *, *, #265, .T. ) ;
#1429 = CARTESIAN_POINT ( 'NONE',  ( 511.1069039920892578, -9.428110757423974420, 8.000000000000000000 ) ) ;
#1430 = DIRECTION ( 'NONE',  ( -1.000000000000000000, 0.000000000000000000, 0.000000000000000000 ) ) ;
#1431 = DIRECTION ( 'NONE',  ( 1.000000000000000000, 0.000000000000000000, 0.000000000000000000 ) ) ;
#1432 = DIRECTION ( 'NONE',  ( 1.000000000000000000, 0.000000000000000000, 0.000000000000000000 ) ) ;
#1433 = VERTEX_POINT ( 'NONE', #535 ) ;
#1434 = ORIENTED_EDGE ( 'NONE', *, *, #1122, .F. ) ;
#1435 = APPLICATION_PROTOCOL_DEFINITION ( 'draft international standard', 'automotive_design', 1998, #360 ) ;
#1436 = CARTESIAN_POINT ( 'NONE',  ( 2074.499177688177042, 864.0588553611066800, 0.000000000000000000 ) ) ;
#1437 = LINE ( 'NONE', #1059, #1175 ) ;
#1438 = LINE ( 'NONE', #1559, #310 ) ;
#1439 = DIRECTION ( 'NONE',  ( -0.7071067811865160424, 0.000000000000000000, -0.7071067811865789920 ) ) ;
#1440 = CIRCLE ( 'NONE', #199, 254.0000000000000000 ) ;
#1441 = CARTESIAN_POINT ( 'NONE',  ( 704.8527643132684943, 742.0072279318222854, 5.000000000000781597 ) ) ;
#1442 = ORIENTED_EDGE ( 'NONE', *, *, #1118, .T. ) ;
#1443 = EDGE_CURVE ( 'NONE', #1166, #1237, #955, .T. ) ;
#1444 = DIRECTION ( 'NONE',  ( -0.000000000000000000, -1.000000000000000000, -0.000000000000000000 ) ) ;
#1445 = DIRECTION ( 'NONE',  ( -0.000000000000000000, -0.000000000000000000, -1.000000000000000000 ) ) ;
#1446 = CARTESIAN_POINT ( 'NONE',  ( 2388.753317366998090, 366.6235166718605001, 0.000000000000000000 ) ) ;
#1447 = ADVANCED_FACE ( 'NONE', ( #416 ), #41, .F. ) ;
#1448 = DIRECTION ( 'NONE',  ( -1.000000000000000000, 0.000000000000000000, 0.000000000000000000 ) ) ;
#1449 = DIRECTION ( 'NONE',  ( -1.000000000000000000, 0.000000000000000000, 0.000000000000000000 ) ) ;
#1450 = ADVANCED_FACE ( 'NONE', ( #143 ), #817, .F. ) ;
#1451 = ORIENTED_EDGE ( 'NONE', *, *, #271, .T. ) ;
#1452 = DIRECTION ( 'NONE',  ( -1.000000000000000000, 0.000000000000000000, 0.000000000000000000 ) ) ;
#1453 = CARTESIAN_POINT ( 'NONE',  ( -326.9041601857845194, 157.8448930801354493, 0.000000000000000000 ) ) ;
#1454 = CARTESIAN_POINT ( 'NONE',  ( 1838.808535377513408, 328.5423492460228090, 8.000000000000000000 ) ) ;
#1455 = EDGE_LOOP ( 'NONE', ( #472, #351, #1211, #1623 ) ) ;
#1456 = AXIS2_PLACEMENT_3D ( 'NONE', #254, #1556, #278 ) ;
#1457 = DIRECTION ( 'NONE',  ( 0.000000000000000000, 0.000000000000000000, 1.000000000000000000 ) ) ;
#1458 = PRODUCT_CONTEXT ( 'NONE', #578, 'mechanical' ) ;
#1459 = PLANE ( 'NONE',  #1355 ) ;
#1460 = CARTESIAN_POINT ( 'NONE',  ( -1438.697268441087999, 638.6197309304922101, 8.000000000000000000 ) ) ;
#1461 = DIRECTION ( 'NONE',  ( -1.000000000000000000, 0.000000000000000000, 0.000000000000000000 ) ) ;
#1462 = ORIENTED_EDGE ( 'NONE', *, *, #967, .T. ) ;
#1463 = DIRECTION ( 'NONE',  ( 0.7071067811865160424, 8.659560562354547056E-17, -0.7071067811865789920 ) ) ;
#1464 = AXIS2_PLACEMENT_3D ( 'NONE', #1086, #827, #815 ) ;
#1465 = ORIENTED_EDGE ( 'NONE', *, *, #1480, .T. ) ;
#1466 = EDGE_CURVE ( 'NONE', #1104, #86, #1468, .T. ) ;
#1467 = CARTESIAN_POINT ( 'NONE',  ( 765.1069039920893147, -9.428110757423974420, 0.000000000000000000 ) ) ;
#1468 = CIRCLE ( 'NONE', #10, 259.0000000000003411 ) ;
#1469 = DIRECTION ( 'NONE',  ( 1.748382715945128756E-16, 1.000000000000000000, -0.000000000000000000 ) ) ;
#1470 = FACE_BOUND ( 'NONE', #109, .T. ) ;
#1471 = EDGE_CURVE ( 'NONE', #695, #589, #233, .T. ) ;
#1472 = ORIENTED_EDGE ( 'NONE', *, *, #205, .F. ) ;
#1473 = AXIS2_PLACEMENT_3D ( 'NONE', #115, #1005, #1139 ) ;
#1474 = DIRECTION ( 'NONE',  ( -0.000000000000000000, -0.000000000000000000, 1.000000000000000000 ) ) ;
#1475 = VERTEX_POINT ( 'NONE', #782 ) ;
#1476 = VERTEX_POINT ( 'NONE', #1304 ) ;
#1477 = DIRECTION ( 'NONE',  ( -0.000000000000000000, -0.000000000000000000, -1.000000000000000000 ) ) ;
#1478 = CARTESIAN_POINT ( 'NONE',  ( -575.2346899668405058, 595.7783977565959503, 8.000000000000000000 ) ) ;
#1479 = ORIENTED_EDGE ( 'NONE', *, *, #1466, .F. ) ;
#1480 = EDGE_CURVE ( 'NONE', #1124, #1562, #1639, .T. ) ;
#1481 = ORIENTED_EDGE ( 'NONE', *, *, #1271, .F. ) ;
#1482 = FACE_OUTER_BOUND ( 'NONE', #743, .T. ) ;
#1483 = ORIENTED_EDGE ( 'NONE', *, *, #1130, .F. ) ;
#1484 = CARTESIAN_POINT ( 'NONE',  ( 2333.499177688177497, 864.0588553611066800, 0.000000000000000000 ) ) ;
#1485 = ORIENTED_EDGE ( 'NONE', *, *, #344, .T. ) ;
#1486 = DIRECTION ( 'NONE',  ( 0.000000000000000000, 0.000000000000000000, 1.000000000000000000 ) ) ;
#1487 = ORIENTED_EDGE ( 'NONE', *, *, #1578, .T. ) ;
#1488 = DIRECTION ( 'NONE',  ( -0.7071067811865160424, 0.000000000000000000, -0.7071067811865789920 ) ) ;
#1489 = ORIENTED_EDGE ( 'NONE', *, *, #349, .T. ) ;
#1490 = CARTESIAN_POINT ( 'NONE',  ( -67.90416018578414992, 157.8448930801354777, 0.000000000000000000 ) ) ;
#1491 = CIRCLE ( 'NONE', #382, 253.9999999999999432 ) ;
#1492 = ORIENTED_EDGE ( 'NONE', *, *, #1255, .F. ) ;
#1493 = EDGE_LOOP ( 'NONE', ( #784, #868, #958, #1305 ) ) ;
#1494 = EDGE_CURVE ( 'NONE', #148, #873, #203, .T. ) ;
#1495 = CARTESIAN_POINT ( 'NONE',  ( 196.8527643132685796, 488.0072279318222854, 5.000000000000225597 ) ) ;
#1496 = VERTEX_POINT ( 'NONE', #551 ) ;
#1497 = AXIS2_PLACEMENT_3D ( 'NONE', #243, #1280, #1274 ) ;
#1498 = DIRECTION ( 'NONE',  ( -1.000000000000000000, 0.000000000000000000, 0.000000000000000000 ) ) ;
#1499 = VERTEX_POINT ( 'NONE', #1172 ) ;
#1500 = FACE_OUTER_BOUND ( 'NONE', #12, .T. ) ;
#1501 = EDGE_CURVE ( 'NONE', #831, #1002, #1143, .T. ) ;
#1502 = ORIENTED_EDGE ( 'NONE', *, *, #1315, .F. ) ;
#1503 = ORIENTED_EDGE ( 'NONE', *, *, #874, .T. ) ;
#1504 = ADVANCED_FACE ( 'NONE', ( #170 ), #1360, .F. ) ;
#1505 = UNCERTAINTY_MEASURE_WITH_UNIT (LENGTH_MEASURE( 1.000000000000000082E-05 ), #1584, 'distance_accuracy_value', 'NONE');
#1506 = VERTEX_POINT ( 'NONE', #682 ) ;
#1507 = DIRECTION ( 'NONE',  ( -0.000000000000000000, -0.000000000000000000, -1.000000000000000000 ) ) ;
#1508 = EDGE_LOOP ( 'NONE', ( #1481, #465, #1434, #1001 ) ) ;
#1509 = FACE_BOUND ( 'NONE', #676, .T. ) ;
#1510 = AXIS2_PLACEMENT_3D ( 'NONE', #439, #957, #173 ) ;
#1511 = ORIENTED_EDGE ( 'NONE', *, *, #1480, .F. ) ;
#1512 = ORIENTED_EDGE ( 'NONE', *, *, #1176, .F. ) ;
#1513 = CARTESIAN_POINT ( 'NONE',  ( 1820.499177688177042, 864.0588553611066800, 8.000000000000000000 ) ) ;
#1514 = ORIENTED_EDGE ( 'NONE', *, *, #1426, .F. ) ;
#1515 = CARTESIAN_POINT ( 'NONE',  ( 765.1069039920893147, -9.428110757423974420, 0.000000000000000000 ) ) ;
#1516 = EDGE_CURVE ( 'NONE', #1628, #605, #1279, .T. ) ;
#1517 = DIRECTION ( 'NONE',  ( -1.000000000000000000, 0.000000000000000000, 0.000000000000000000 ) ) ;
#1518 = ORIENTED_EDGE ( 'NONE', *, *, #942, .F. ) ;
#1519 = EDGE_LOOP ( 'NONE', ( #63, #1511 ) ) ;
#1520 = LINE ( 'NONE', #894, #686 ) ;
#1521 = AXIS2_PLACEMENT_3D ( 'NONE', #127, #238, #231 ) ;
#1522 = EDGE_CURVE ( 'NONE', #1237, #1374, #429, .T. ) ;
#1523 = FACE_OUTER_BOUND ( 'NONE', #531, .T. ) ;
#1524 = DIRECTION ( 'NONE',  ( -1.000000000000000000, -0.000000000000000000, -0.000000000000000000 ) ) ;
#1525 = EDGE_CURVE ( 'NONE', #113, #1476, #1580, .T. ) ;
#1526 = CIRCLE ( 'NONE', #959, 254.0000000000000000 ) ;
#1527 = ORIENTED_EDGE ( 'NONE', *, *, #615, .F. ) ;
#1528 = FACE_OUTER_BOUND ( 'NONE', #1347, .T. ) ;
#1529 = CARTESIAN_POINT ( 'NONE',  ( 1778.554395698692588, 825.9776879352690457, 8.000000000000000000 ) ) ;
#1530 = CIRCLE ( 'NONE', #288, 254.0000000000000000 ) ;
#1531 = DIRECTION ( 'NONE',  ( -1.000000000000000000, 0.000000000000000000, 0.000000000000000000 ) ) ;
#1532 = CARTESIAN_POINT ( 'NONE',  ( 2134.753317366998090, 366.6235166718605001, 5.000000000000781597 ) ) ;
#1533 = VERTEX_POINT ( 'NONE', #409 ) ;
#1534 = CARTESIAN_POINT ( 'NONE',  ( 2647.753317366998090, 366.6235166718605569, 0.000000000000000000 ) ) ;
#1535 = CARTESIAN_POINT ( 'NONE',  ( -2223.850237454108537, 1518.021082971507440, 8.000000000000000000 ) ) ;
#1536 = CONICAL_SURFACE ( 'NONE', #376, 259.0000000000003411, 0.7853981633974037591 ) ;
#1537 = LINE ( 'NONE', #799, #1027 ) ;
#1538 = CARTESIAN_POINT ( 'NONE',  ( 1838.808535377513408, 328.5423492460228090, 8.000000000000000000 ) ) ;
#1539 = DIRECTION ( 'NONE',  ( -0.000000000000000000, -0.000000000000000000, -1.000000000000000000 ) ) ;
#1540 = EDGE_CURVE ( 'NONE', #820, #1475, #801, .T. ) ;
#1541 = VECTOR ( 'NONE', #1439, 1000.000000000000114 ) ;
#1542 = ORIENTED_EDGE ( 'NONE', *, *, #1176, .T. ) ;
#1543 = CYLINDRICAL_SURFACE ( 'NONE', #1497, 253.9999999999999432 ) ;
#1544 = CARTESIAN_POINT ( 'NONE',  ( 2388.753317366998090, 366.6235166718605001, 8.000000000000000000 ) ) ;
#1545 = ADVANCED_FACE ( 'NONE', ( #423 ), #520, .F. ) ;
#1546 = AXIS2_PLACEMENT_3D ( 'NONE', #32, #1174, #653 ) ;
#1547 = DIRECTION ( 'NONE',  ( -0.000000000000000000, -0.000000000000000000, -1.000000000000000000 ) ) ;
#1548 = FACE_OUTER_BOUND ( 'NONE', #1455, .T. ) ;
#1549 = CIRCLE ( 'NONE', #436, 254.0000000000000000 ) ;
#1550 = VECTOR ( 'NONE', #1100, 1000.000000000000000 ) ;
#1551 = CARTESIAN_POINT ( 'NONE',  ( -829.2346899668405058, 595.7783977565959503, 5.000000000000781597 ) ) ;
#1552 = EDGE_CURVE ( 'NONE', #216, #528, #742, .T. ) ;
#1553 = CONICAL_SURFACE ( 'NONE', #546, 259.0000000000003411, 0.7853981633974037591 ) ;
#1554 = ORIENTED_EDGE ( 'NONE', *, *, #1342, .F. ) ;
#1555 = CARTESIAN_POINT ( 'NONE',  ( 1838.808535377513408, 328.5423492460228090, 5.000000000000559552 ) ) ;
#1556 = DIRECTION ( 'NONE',  ( -0.000000000000000000, -0.000000000000000000, -1.000000000000000000 ) ) ;
#1557 = DIRECTION ( 'NONE',  ( -0.000000000000000000, -0.000000000000000000, -1.000000000000000000 ) ) ;
#1558 = VECTOR ( 'NONE', #875, 1000.000000000000000 ) ;
#1559 = CARTESIAN_POINT ( 'NONE',  ( -585.9041601857848036, 157.8448930801354493, 0.000000000000000000 ) ) ;
#1560 = AXIS2_PLACEMENT_3D ( 'NONE', #1436, #1599, #1498 ) ;
#1561 = ORIENTED_EDGE ( 'NONE', *, *, #770, .T. ) ;
#1562 = VERTEX_POINT ( 'NONE', #648 ) ;
#1563 = DIRECTION ( 'NONE',  ( -0.000000000000000000, -0.000000000000000000, -1.000000000000000000 ) ) ;
#1564 = FACE_OUTER_BOUND ( 'NONE', #919, .T. ) ;
#1565 = DIRECTION ( 'NONE',  ( 0.000000000000000000, 0.000000000000000000, 1.000000000000000000 ) ) ;
#1566 = CARTESIAN_POINT ( 'NONE',  ( 1838.808535377513408, 328.5423492460228090, 0.000000000000000000 ) ) ;
#1567 = ADVANCED_FACE ( 'NONE', ( #903 ), #1543, .F. ) ;
#1568 = VERTEX_POINT ( 'NONE', #502 ) ;
#1569 = CARTESIAN_POINT ( 'NONE',  ( 1838.808535377513408, 328.5423492460228090, 5.000000000000559552 ) ) ;
#1570 = ORIENTED_EDGE ( 'NONE', *, *, #1574, .T. ) ;
#1571 = CIRCLE ( 'NONE', #1272, 259.0000000000004547 ) ;
#1572 = DIRECTION ( 'NONE',  ( -0.000000000000000000, -0.000000000000000000, -1.000000000000000000 ) ) ;
#1573 = DIRECTION ( 'NONE',  ( 0.7071067811865160424, 8.659560562354547056E-17, -0.7071067811865789920 ) ) ;
#1574 = EDGE_CURVE ( 'NONE', #589, #212, #1410, .T. ) ;
#1575 = DIRECTION ( 'NONE',  ( -0.000000000000000000, -0.000000000000000000, -1.000000000000000000 ) ) ;
#1576 = DIRECTION ( 'NONE',  ( -1.000000000000000000, 0.000000000000000000, 0.000000000000000000 ) ) ;
#1577 = LINE ( 'NONE', #1210, #1113 ) ;
#1578 = EDGE_CURVE ( 'NONE', #347, #1533, #371, .T. ) ;
#1579 = VERTEX_POINT ( 'NONE', #1050 ) ;
#1580 = CIRCLE ( 'NONE', #851, 259.0000000000001137 ) ;
#1581 = CARTESIAN_POINT ( 'NONE',  ( 324.1772087702375416, -464.0221559124216810, 0.000000000000000000 ) ) ;
#1582 = CARTESIAN_POINT ( 'NONE',  ( -580.9041601857844626, 157.8448930801354493, 8.000000000000000000 ) ) ;
#1583 = DIRECTION ( 'NONE',  ( -0.000000000000000000, -0.000000000000000000, -1.000000000000000000 ) ) ;
#1584 =( LENGTH_UNIT ( ) NAMED_UNIT ( * ) SI_UNIT ( .MILLI., .METRE. ) );
#1585 = CARTESIAN_POINT ( 'NONE',  ( -575.2346899668405058, 595.7783977565959503, 8.000000000000000000 ) ) ;
#1586 = VERTEX_POINT ( 'NONE', #1040 ) ;
#1587 = DIRECTION ( 'NONE',  ( 0.000000000000000000, 0.000000000000000000, 1.000000000000000000 ) ) ;
#1588 = CARTESIAN_POINT ( 'NONE',  ( 1527.106903992089201, 244.5718892425760487, 5.000000000000781597 ) ) ;
#1589 = LINE ( 'NONE', #1295, #687 ) ;
#1590 = DIRECTION ( 'NONE',  ( -0.000000000000000000, -0.000000000000000000, 1.000000000000000000 ) ) ;
#1591 = FILL_AREA_STYLE ('',( #1312 ) ) ;
#1592 = DIRECTION ( 'NONE',  ( -1.000000000000000000, 0.000000000000000000, 0.000000000000000000 ) ) ;
#1593 = EDGE_CURVE ( 'NONE', #528, #216, #991, .T. ) ;
#1594 = AXIS2_PLACEMENT_3D ( 'NONE', #1402, #754, #1167 ) ;
#1595 = DIRECTION ( 'NONE',  ( -0.7071067811865240360, 0.000000000000000000, -0.7071067811865711095 ) ) ;
#1596 = CARTESIAN_POINT ( 'NONE',  ( 2388.753317366998090, 366.6235166718605001, 0.000000000000000000 ) ) ;
#1597 = EDGE_CURVE ( 'NONE', #1506, #1648, #1041, .T. ) ;
#1598 = PRODUCT_DEFINITION_SHAPE ( 'NONE', 'NONE',  #885 ) ;
#1599 = DIRECTION ( 'NONE',  ( -0.000000000000000000, -0.000000000000000000, 1.000000000000000000 ) ) ;
#1600 = ORIENTED_EDGE ( 'NONE', *, *, #516, .T. ) ;
#1601 = CARTESIAN_POINT ( 'NONE',  ( 1524.554395698692588, 825.9776879352690457, 4.999999999999448441 ) ) ;
#1602 = AXIS2_PLACEMENT_3D ( 'NONE', #550, #414, #1431 ) ;
#1603 = EDGE_LOOP ( 'NONE', ( #1652, #1102, #1462, #1220 ) ) ;
#1604 = CARTESIAN_POINT ( 'NONE',  ( 2328.499177688177042, 864.0588553611066800, 8.000000000000000000 ) ) ;
#1605 = DIRECTION ( 'NONE',  ( -0.000000000000000000, -0.000000000000000000, -1.000000000000000000 ) ) ;
#1606 = ORIENTED_EDGE ( 'NONE', *, *, #1225, .T. ) ;
#1607 = DIRECTION ( 'NONE',  ( 0.000000000000000000, 0.000000000000000000, -1.000000000000000000 ) ) ;
#1608 = ORIENTED_EDGE ( 'NONE', *, *, #544, .T. ) ;
#1609 = VECTOR ( 'NONE', #1673, 1000.000000000000114 ) ;
#1610 = DIRECTION ( 'NONE',  ( -0.000000000000000000, -0.000000000000000000, 1.000000000000000000 ) ) ;
#1611 = CIRCLE ( 'NONE', #448, 259.0000000000003411 ) ;
#1612 = VERTEX_POINT ( 'NONE', #759 ) ;
#1613 = CARTESIAN_POINT ( 'NONE',  ( 709.8527643132688354, 488.0072279318223423, 0.000000000000000000 ) ) ;
#1614 = ORIENTED_EDGE ( 'NONE', *, *, #750, .F. ) ;
#1615 = CARTESIAN_POINT ( 'NONE',  ( 1815.499177688176587, 864.0588553611066800, 0.000000000000000000 ) ) ;
#1616 = VERTEX_POINT ( 'NONE', #1429 ) ;
#1617 = DIRECTION ( 'NONE',  ( -0.000000000000000000, -0.000000000000000000, -1.000000000000000000 ) ) ;
#1618 = EDGE_CURVE ( 'NONE', #590, #341, #147, .T. ) ;
#1619 = AXIS2_PLACEMENT_3D ( 'NONE', #1052, #1572, #129 ) ;
#1620 = EDGE_LOOP ( 'NONE', ( #1216, #1465, #1393, #1428 ) ) ;
#1621 = ORIENTED_EDGE ( 'NONE', *, *, #29, .F. ) ;
#1622 = DIRECTION ( 'NONE',  ( -0.7071067811865160424, 0.000000000000000000, -0.7071067811865789920 ) ) ;
#1623 = ORIENTED_EDGE ( 'NONE', *, *, #1368, .T. ) ;
#1624 = ADVANCED_FACE ( 'NONE', ( #1528 ), #88, .F. ) ;
#1625 = AXIS2_PLACEMENT_3D ( 'NONE', #144, #1322, #306 ) ;
#1626 = FACE_BOUND ( 'NONE', #339, .T. ) ;
#1627 = EDGE_CURVE ( 'NONE', #1586, #276, #1667, .T. ) ;
#1628 = VERTEX_POINT ( 'NONE', #1534 ) ;
#1629 = DIRECTION ( 'NONE',  ( 1.000000000000000000, 0.000000000000000000, 0.000000000000000000 ) ) ;
#1630 = AXIS2_PLACEMENT_3D ( 'NONE', #443, #1348, #1077 ) ;
#1631 = VERTEX_POINT ( 'NONE', #632 ) ;
#1632 = ORIENTED_EDGE ( 'NONE', *, *, #982, .F. ) ;
#1633 = ORIENTED_EDGE ( 'NONE', *, *, #80, .F. ) ;
#1634 = VECTOR ( 'NONE', #184, 1000.000000000000000 ) ;
#1635 = CIRCLE ( 'NONE', #738, 259.0000000000003411 ) ;
#1636 = CIRCLE ( 'NONE', #388, 254.0000000000000000 ) ;
#1637 = VERTEX_POINT ( 'NONE', #268 ) ;
#1638 = CARTESIAN_POINT ( 'NONE',  ( 2856.149762545891463, -1021.978917028492560, 0.000000000000000000 ) ) ;
#1639 = CIRCLE ( 'NONE', #175, 254.0000000000002274 ) ;
#1640 = FACE_BOUND ( 'NONE', #482, .T. ) ;
#1641 = DIRECTION ( 'NONE',  ( -1.000000000000000000, 0.000000000000000000, 0.000000000000000000 ) ) ;
#1642 = ORIENTED_EDGE ( 'NONE', *, *, #615, .T. ) ;
#1643 = CIRCLE ( 'NONE', #1149, 254.0000000000000000 ) ;
#1644 = ORIENTED_EDGE ( 'NONE', *, *, #1004, .T. ) ;
#1645 = AXIS2_PLACEMENT_3D ( 'NONE', #1320, #923, #526 ) ;
#1646 = DIRECTION ( 'NONE',  ( -0.000000000000000000, -0.000000000000000000, -1.000000000000000000 ) ) ;
#1647 = EDGE_CURVE ( 'NONE', #212, #1083, #405, .T. ) ;
#1648 = VERTEX_POINT ( 'NONE', #1153 ) ;
#1649 = DIRECTION ( 'NONE',  ( -0.000000000000000000, -0.000000000000000000, -1.000000000000000000 ) ) ;
#1650 = ORIENTED_EDGE ( 'NONE', *, *, #1, .T. ) ;
#1651 = DIRECTION ( 'NONE',  ( -0.000000000000000000, -0.000000000000000000, 1.000000000000000000 ) ) ;
#1652 = ORIENTED_EDGE ( 'NONE', *, *, #619, .F. ) ;
#1653 = EDGE_CURVE ( 'NONE', #490, #74, #377, .T. ) ;
#1654 = FACE_OUTER_BOUND ( 'NONE', #370, .T. ) ;
#1655 = ORIENTED_EDGE ( 'NONE', *, *, #1271, .T. ) ;
#1656 = ADVANCED_FACE ( 'NONE', ( #5 ), #1317, .F. ) ;
#1657 = DIRECTION ( 'NONE',  ( -1.000000000000000000, 0.000000000000000000, 0.000000000000000000 ) ) ;
#1658 = ORIENTED_EDGE ( 'NONE', *, *, #18, .T. ) ;
#1659 = DIRECTION ( 'NONE',  ( -1.000000000000000000, 0.000000000000000000, 0.000000000000000000 ) ) ;
#1660 = EDGE_LOOP ( 'NONE', ( #1472, #1502, #858, #1132 ) ) ;
#1661 =( NAMED_UNIT ( * ) SI_UNIT ( $, .STERADIAN. ) SOLID_ANGLE_UNIT ( ) );
#1662 = CARTESIAN_POINT ( 'NONE',  ( 1273.106903992089201, 244.5718892425760203, 8.000000000000000000 ) ) ;
#1663 = CIRCLE ( 'NONE', #1415, 258.9999999999990337 ) ;
#1664 = DIRECTION ( 'NONE',  ( -0.000000000000000000, -0.000000000000000000, 1.000000000000000000 ) ) ;
#1665 = DIRECTION ( 'NONE',  ( -1.000000000000000000, 0.000000000000000000, 0.000000000000000000 ) ) ;
#1666 = VECTOR ( 'NONE', #1524, 1000.000000000000000 ) ;
#1667 = LINE ( 'NONE', #1022, #1405 ) ;
#1668 = CARTESIAN_POINT ( 'NONE',  ( 958.8527643132684943, 742.0072279318222854, 8.000000000000000000 ) ) ;
#1669 = CONICAL_SURFACE ( 'NONE', #1203, 259.0000000000003411, 0.7853981633974648213 ) ;
#1670 = CARTESIAN_POINT ( 'NONE',  ( 958.8527643132684943, 742.0072279318222854, 8.000000000000000000 ) ) ;
#1671 = CARTESIAN_POINT ( 'NONE',  ( 1532.106903992089656, 244.5718892425760487, 0.000000000000000000 ) ) ;
#1672 = EDGE_CURVE ( 'NONE', #1579, #700, #1079, .T. ) ;
#1673 = DIRECTION ( 'NONE',  ( 0.7071067811865160424, 8.659560562354547056E-17, -0.7071067811865789920 ) ) ;
#1674 = DIRECTION ( 'NONE',  ( -0.000000000000000000, -0.000000000000000000, 1.000000000000000000 ) ) ;
#1675 = DIRECTION ( 'NONE',  ( 0.000000000000000000, 0.000000000000000000, -1.000000000000000000 ) ) ;
ENDSEC;
END-ISO-10303-21;
